
INSERT INTO profesional(apellido,email,nombre,telefono) VALUES ("Booth, Uma G.","lectus@mauriselit.edu","Allen","1-883-183-551");
INSERT INTO profesional(apellido,email,nombre,telefono) VALUES ("Wall, Nathan C.","egestas@utodiovel.co.uk","Stone","1-542-994-189");
INSERT INTO profesional(apellido,email,nombre,telefono) VALUES ("Dalton, Deanna U.","vitae@tincidunt.net","Luke","1-358-484-158");
INSERT INTO profesional(apellido,email,nombre,telefono) VALUES ("Matthews, Cade A.","rutrultrices@ac.net","Keefe","1-186-661-529");
INSERT INTO profesional(apellido,email,nombre,telefono) VALUES ("Conway, Farrah W.","et.lacinia@etla.co.uk","Wynter","1-487-309-592");
INSERT INTO profesional(apellido,email,nombre,telefono) VALUES ("Gilliam, Kirby O.","facilorci@vitaeali.org","Kirby","1-720-484-375");
INSERT INTO profesional(apellido,email,nombre,telefono) VALUES ("Holt, Kane Y.","urna@magna","Roth","1-668-825-872");
INSERT INTO profesional(apellido,email,nombre,telefono) VALUES ("Guzman, Adria M.","porta.eli@augueport.edu","Jerry","1-779-591-256");
INSERT INTO profesional(apellido,email,nombre,telefono) VALUES ("Harvey, Thor B.","enim@aultricies.ca","Bevis","1-819-606-998");
INSERT INTO profesional(apellido,email,nombre,telefono) VALUES ("Cantrell, Baker O.","Vivamus@Crasint.ca","Debra","1-521-178-719");

INSERT INTO `estado_bloque`(`descripcion`, `nombre`) VALUES ("el estado se encuentro disponible para su uso","habilitado");
INSERT INTO `estado_bloque`(`descripcion`, `nombre`) VALUES ("el estado se encuentro suspendido para su uso","desabilitado");

INSERT INTO `estado_cliente`(`descripcion`, `nombre`) VALUES ("el estado se encuentro disponible para su uso","habilitado");
INSERT INTO `estado_cliente`(`descripcion`, `nombre`) VALUES ("el estado se encuentro suspendido para su uso","desabilitado");

INSERT INTO `estado_horario_profesional`(`descripcion`, `nombre`) VALUES ("el estado se encuentro disponible para su uso","habilitado");
INSERT INTO `estado_horario_profesional`(`descripcion`, `nombre`) VALUES ("el estado se encuentro suspendido para su uso","desabilitado");

INSERT INTO `estado_movimiento`(`descripcion`, `nombre`) VALUES ("el estado se encuentro disponible para su uso","habilitado");
INSERT INTO `estado_movimiento`(`descripcion`, `nombre`) VALUES ("el estado se encuentro suspendido para su uso","desabilitado");

INSERT INTO `estado_profesional`(`descripcion`, `nombre`) VALUES ("el estado se encuentro disponible para su uso","habilitado");
INSERT INTO `estado_profesional`(`descripcion`, `nombre`) VALUES ("el estado se encuentro suspendido para su uso","desabilitado");

INSERT INTO `estado_reserva`(`descripcion`, `nombre`) VALUES ("el estado se encuentro disponible para su uso","habilitado");
INSERT INTO `estado_reserva`(`descripcion`, `nombre`) VALUES ("el estado se encuentro suspendido para su uso","desabilitado");

INSERT INTO `estado_servicio`(`descripcion`, `nombre`) VALUES ("el estado se encuentro disponible para su uso","habilitado");
INSERT INTO `estado_servicio`(`descripcion`, `nombre`) VALUES ("el estado se encuentro suspendido para su uso","desabilitado");

INSERT INTO `estado_servicio_ofrecido`(`descripcion`, `nombre`) VALUES ("el estado se encuentro disponible para su uso","habilitado");
INSERT INTO `estado_servicio_ofrecido`(`descripcion`, `nombre`) VALUES ("el estado se encuentro suspendido para su uso","desabilitado");


INSERT INTO `bloque_horario` (`id_bloque`, `dia_semana`, `hora_fin`, `hora_inicio`, `id_estado_bloque`) VALUES(1, '0', '08:10', '08:00', 1);
INSERT INTO `bloque_horario` (`id_bloque`, `dia_semana`, `hora_fin`, `hora_inicio`, `id_estado_bloque`) VALUES(2, '1', '08:10', '08:00', 1);
INSERT INTO `bloque_horario` (`id_bloque`, `dia_semana`, `hora_fin`, `hora_inicio`, `id_estado_bloque`) VALUES(3, '2', '08:10', '08:00', 1);
INSERT INTO `bloque_horario` (`id_bloque`, `dia_semana`, `hora_fin`, `hora_inicio`, `id_estado_bloque`) VALUES(4, '3', '08:10', '08:00', 1);
INSERT INTO `bloque_horario` (`id_bloque`, `dia_semana`, `hora_fin`, `hora_inicio`, `id_estado_bloque`) VALUES(5, '4', '08:10', '08:00', 1);
INSERT INTO `bloque_horario` (`id_bloque`, `dia_semana`, `hora_fin`, `hora_inicio`, `id_estado_bloque`) VALUES(6, '5', '08:10', '08:00', 1);
INSERT INTO `bloque_horario` (`id_bloque`, `dia_semana`, `hora_fin`, `hora_inicio`, `id_estado_bloque`) VALUES(7, '6', '08:10', '08:00', 1);
INSERT INTO `bloque_horario` (`id_bloque`, `dia_semana`, `hora_fin`, `hora_inicio`, `id_estado_bloque`) VALUES(8, '0', '08:20', '08:10', 1);
INSERT INTO `bloque_horario` (`id_bloque`, `dia_semana`, `hora_fin`, `hora_inicio`, `id_estado_bloque`) VALUES(9, '1', '08:20', '08:10', 1);
INSERT INTO `bloque_horario` (`id_bloque`, `dia_semana`, `hora_fin`, `hora_inicio`, `id_estado_bloque`) VALUES(10, '2', '08:20', '08:10', 1);
INSERT INTO `bloque_horario` (`id_bloque`, `dia_semana`, `hora_fin`, `hora_inicio`, `id_estado_bloque`) VALUES(11, '3', '08:20', '08:10', 1);
INSERT INTO `bloque_horario` (`id_bloque`, `dia_semana`, `hora_fin`, `hora_inicio`, `id_estado_bloque`) VALUES(12, '4', '08:20', '08:10', 1);
INSERT INTO `bloque_horario` (`id_bloque`, `dia_semana`, `hora_fin`, `hora_inicio`, `id_estado_bloque`) VALUES(13, '5', '08:20', '08:10', 1);
INSERT INTO `bloque_horario` (`id_bloque`, `dia_semana`, `hora_fin`, `hora_inicio`, `id_estado_bloque`) VALUES(14, '6', '08:20', '08:10', 1);
INSERT INTO `bloque_horario` (`id_bloque`, `dia_semana`, `hora_fin`, `hora_inicio`, `id_estado_bloque`) VALUES(15, '0', '08:30', '08:20', 1);
INSERT INTO `bloque_horario` (`id_bloque`, `dia_semana`, `hora_fin`, `hora_inicio`, `id_estado_bloque`) VALUES(16, '1', '08:30', '08:20', 1);
INSERT INTO `bloque_horario` (`id_bloque`, `dia_semana`, `hora_fin`, `hora_inicio`, `id_estado_bloque`) VALUES(17, '2', '08:30', '08:20', 1);
INSERT INTO `bloque_horario` (`id_bloque`, `dia_semana`, `hora_fin`, `hora_inicio`, `id_estado_bloque`) VALUES(18, '3', '08:30', '08:20', 1);
INSERT INTO `bloque_horario` (`id_bloque`, `dia_semana`, `hora_fin`, `hora_inicio`, `id_estado_bloque`) VALUES(19, '4', '08:30', '08:20', 1);
INSERT INTO `bloque_horario` (`id_bloque`, `dia_semana`, `hora_fin`, `hora_inicio`, `id_estado_bloque`) VALUES(20, '5', '08:30', '08:20', 1);
INSERT INTO `bloque_horario` (`id_bloque`, `dia_semana`, `hora_fin`, `hora_inicio`, `id_estado_bloque`) VALUES(21, '6', '08:30', '08:20', 1);
INSERT INTO `bloque_horario` (`id_bloque`, `dia_semana`, `hora_fin`, `hora_inicio`, `id_estado_bloque`) VALUES(22, '0', '08:40', '08:30', 1);
INSERT INTO `bloque_horario` (`id_bloque`, `dia_semana`, `hora_fin`, `hora_inicio`, `id_estado_bloque`) VALUES(23, '1', '08:40', '08:30', 1);
INSERT INTO `bloque_horario` (`id_bloque`, `dia_semana`, `hora_fin`, `hora_inicio`, `id_estado_bloque`) VALUES(24, '2', '08:40', '08:30', 1);
INSERT INTO `bloque_horario` (`id_bloque`, `dia_semana`, `hora_fin`, `hora_inicio`, `id_estado_bloque`) VALUES(25, '3', '08:40', '08:30', 1);
INSERT INTO `bloque_horario` (`id_bloque`, `dia_semana`, `hora_fin`, `hora_inicio`, `id_estado_bloque`) VALUES(26, '4', '08:40', '08:30', 1);
INSERT INTO `bloque_horario` (`id_bloque`, `dia_semana`, `hora_fin`, `hora_inicio`, `id_estado_bloque`) VALUES(27, '5', '08:40', '08:30', 1);
INSERT INTO `bloque_horario` (`id_bloque`, `dia_semana`, `hora_fin`, `hora_inicio`, `id_estado_bloque`) VALUES(28, '6', '08:40', '08:30', 1);
INSERT INTO `bloque_horario` (`id_bloque`, `dia_semana`, `hora_fin`, `hora_inicio`, `id_estado_bloque`) VALUES(29, '0', '08:50', '08:40', 1);
INSERT INTO `bloque_horario` (`id_bloque`, `dia_semana`, `hora_fin`, `hora_inicio`, `id_estado_bloque`) VALUES(30, '1', '08:50', '08:40', 1);
INSERT INTO `bloque_horario` (`id_bloque`, `dia_semana`, `hora_fin`, `hora_inicio`, `id_estado_bloque`) VALUES(31, '2', '08:50', '08:40', 1);
INSERT INTO `bloque_horario` (`id_bloque`, `dia_semana`, `hora_fin`, `hora_inicio`, `id_estado_bloque`) VALUES(32, '3', '08:50', '08:40', 1);
INSERT INTO `bloque_horario` (`id_bloque`, `dia_semana`, `hora_fin`, `hora_inicio`, `id_estado_bloque`) VALUES(33, '4', '08:50', '08:40', 1);
INSERT INTO `bloque_horario` (`id_bloque`, `dia_semana`, `hora_fin`, `hora_inicio`, `id_estado_bloque`) VALUES(34, '5', '08:50', '08:40', 1);
INSERT INTO `bloque_horario` (`id_bloque`, `dia_semana`, `hora_fin`, `hora_inicio`, `id_estado_bloque`) VALUES(35, '6', '08:50', '08:40', 1);
INSERT INTO `bloque_horario` (`id_bloque`, `dia_semana`, `hora_fin`, `hora_inicio`, `id_estado_bloque`) VALUES(36, '0', '09:00', '08:50', 1);
INSERT INTO `bloque_horario` (`id_bloque`, `dia_semana`, `hora_fin`, `hora_inicio`, `id_estado_bloque`) VALUES(37, '1', '09:00', '08:50', 1);
INSERT INTO `bloque_horario` (`id_bloque`, `dia_semana`, `hora_fin`, `hora_inicio`, `id_estado_bloque`) VALUES(38, '2', '09:00', '08:50', 1);
INSERT INTO `bloque_horario` (`id_bloque`, `dia_semana`, `hora_fin`, `hora_inicio`, `id_estado_bloque`) VALUES(39, '3', '09:00', '08:50', 1);
INSERT INTO `bloque_horario` (`id_bloque`, `dia_semana`, `hora_fin`, `hora_inicio`, `id_estado_bloque`) VALUES(40, '4', '09:00', '08:50', 1);
INSERT INTO `bloque_horario` (`id_bloque`, `dia_semana`, `hora_fin`, `hora_inicio`, `id_estado_bloque`) VALUES(41, '5', '09:00', '08:50', 1);
INSERT INTO `bloque_horario` (`id_bloque`, `dia_semana`, `hora_fin`, `hora_inicio`, `id_estado_bloque`) VALUES(42, '6', '09:00', '08:50', 1);
INSERT INTO `bloque_horario` (`id_bloque`, `dia_semana`, `hora_fin`, `hora_inicio`, `id_estado_bloque`) VALUES(43, '0', '09:10', '09:00', 1);
INSERT INTO `bloque_horario` (`id_bloque`, `dia_semana`, `hora_fin`, `hora_inicio`, `id_estado_bloque`) VALUES(44, '1', '09:10', '09:00', 1);
INSERT INTO `bloque_horario` (`id_bloque`, `dia_semana`, `hora_fin`, `hora_inicio`, `id_estado_bloque`) VALUES(45, '2', '09:10', '09:00', 1);
INSERT INTO `bloque_horario` (`id_bloque`, `dia_semana`, `hora_fin`, `hora_inicio`, `id_estado_bloque`) VALUES(46, '3', '09:10', '09:00', 1);
INSERT INTO `bloque_horario` (`id_bloque`, `dia_semana`, `hora_fin`, `hora_inicio`, `id_estado_bloque`) VALUES(47, '4', '09:10', '09:00', 1);
INSERT INTO `bloque_horario` (`id_bloque`, `dia_semana`, `hora_fin`, `hora_inicio`, `id_estado_bloque`) VALUES(48, '5', '09:10', '09:00', 1);
INSERT INTO `bloque_horario` (`id_bloque`, `dia_semana`, `hora_fin`, `hora_inicio`, `id_estado_bloque`) VALUES(49, '6', '09:10', '09:00', 1);
INSERT INTO `bloque_horario` (`id_bloque`, `dia_semana`, `hora_fin`, `hora_inicio`, `id_estado_bloque`) VALUES(50, '0', '09:20', '09:10', 1);
INSERT INTO `bloque_horario` (`id_bloque`, `dia_semana`, `hora_fin`, `hora_inicio`, `id_estado_bloque`) VALUES(51, '1', '09:20', '09:10', 1);
INSERT INTO `bloque_horario` (`id_bloque`, `dia_semana`, `hora_fin`, `hora_inicio`, `id_estado_bloque`) VALUES(52, '2', '09:20', '09:10', 1);
INSERT INTO `bloque_horario` (`id_bloque`, `dia_semana`, `hora_fin`, `hora_inicio`, `id_estado_bloque`) VALUES(53, '3', '09:20', '09:10', 1);
INSERT INTO `bloque_horario` (`id_bloque`, `dia_semana`, `hora_fin`, `hora_inicio`, `id_estado_bloque`) VALUES(54, '4', '09:20', '09:10', 1);
INSERT INTO `bloque_horario` (`id_bloque`, `dia_semana`, `hora_fin`, `hora_inicio`, `id_estado_bloque`) VALUES(55, '5', '09:20', '09:10', 1);
INSERT INTO `bloque_horario` (`id_bloque`, `dia_semana`, `hora_fin`, `hora_inicio`, `id_estado_bloque`) VALUES(56, '6', '09:20', '09:10', 1);
INSERT INTO `bloque_horario` (`id_bloque`, `dia_semana`, `hora_fin`, `hora_inicio`, `id_estado_bloque`) VALUES(57, '0', '09:30', '09:20', 1);
INSERT INTO `bloque_horario` (`id_bloque`, `dia_semana`, `hora_fin`, `hora_inicio`, `id_estado_bloque`) VALUES(58, '1', '09:30', '09:20', 1);
INSERT INTO `bloque_horario` (`id_bloque`, `dia_semana`, `hora_fin`, `hora_inicio`, `id_estado_bloque`) VALUES(59, '2', '09:30', '09:20', 1);
INSERT INTO `bloque_horario` (`id_bloque`, `dia_semana`, `hora_fin`, `hora_inicio`, `id_estado_bloque`) VALUES(60, '3', '09:30', '09:20', 1);
INSERT INTO `bloque_horario` (`id_bloque`, `dia_semana`, `hora_fin`, `hora_inicio`, `id_estado_bloque`) VALUES(61, '4', '09:30', '09:20', 1);
INSERT INTO `bloque_horario` (`id_bloque`, `dia_semana`, `hora_fin`, `hora_inicio`, `id_estado_bloque`) VALUES(62, '5', '09:30', '09:20', 1);
INSERT INTO `bloque_horario` (`id_bloque`, `dia_semana`, `hora_fin`, `hora_inicio`, `id_estado_bloque`) VALUES(63, '6', '09:30', '09:20', 1);
INSERT INTO `bloque_horario` (`id_bloque`, `dia_semana`, `hora_fin`, `hora_inicio`, `id_estado_bloque`) VALUES(64, '0', '09:40', '09:30', 1);
INSERT INTO `bloque_horario` (`id_bloque`, `dia_semana`, `hora_fin`, `hora_inicio`, `id_estado_bloque`) VALUES(65, '1', '09:40', '09:30', 1);
INSERT INTO `bloque_horario` (`id_bloque`, `dia_semana`, `hora_fin`, `hora_inicio`, `id_estado_bloque`) VALUES(66, '2', '09:40', '09:30', 1);
INSERT INTO `bloque_horario` (`id_bloque`, `dia_semana`, `hora_fin`, `hora_inicio`, `id_estado_bloque`) VALUES(67, '3', '09:40', '09:30', 1);
INSERT INTO `bloque_horario` (`id_bloque`, `dia_semana`, `hora_fin`, `hora_inicio`, `id_estado_bloque`) VALUES(68, '4', '09:40', '09:30', 1);
INSERT INTO `bloque_horario` (`id_bloque`, `dia_semana`, `hora_fin`, `hora_inicio`, `id_estado_bloque`) VALUES(69, '5', '09:40', '09:30', 1);
INSERT INTO `bloque_horario` (`id_bloque`, `dia_semana`, `hora_fin`, `hora_inicio`, `id_estado_bloque`) VALUES(70, '6', '09:40', '09:30', 1);
INSERT INTO `bloque_horario` (`id_bloque`, `dia_semana`, `hora_fin`, `hora_inicio`, `id_estado_bloque`) VALUES(71, '0', '09:50', '09:40', 1);
INSERT INTO `bloque_horario` (`id_bloque`, `dia_semana`, `hora_fin`, `hora_inicio`, `id_estado_bloque`) VALUES(72, '1', '09:50', '09:40', 1);
INSERT INTO `bloque_horario` (`id_bloque`, `dia_semana`, `hora_fin`, `hora_inicio`, `id_estado_bloque`) VALUES(73, '2', '09:50', '09:40', 1);
INSERT INTO `bloque_horario` (`id_bloque`, `dia_semana`, `hora_fin`, `hora_inicio`, `id_estado_bloque`) VALUES(74, '3', '09:50', '09:40', 1);
INSERT INTO `bloque_horario` (`id_bloque`, `dia_semana`, `hora_fin`, `hora_inicio`, `id_estado_bloque`) VALUES(75, '4', '09:50', '09:40', 1);
INSERT INTO `bloque_horario` (`id_bloque`, `dia_semana`, `hora_fin`, `hora_inicio`, `id_estado_bloque`) VALUES(76, '5', '09:50', '09:40', 1);
INSERT INTO `bloque_horario` (`id_bloque`, `dia_semana`, `hora_fin`, `hora_inicio`, `id_estado_bloque`) VALUES(77, '6', '09:50', '09:40', 1);
INSERT INTO `bloque_horario` (`id_bloque`, `dia_semana`, `hora_fin`, `hora_inicio`, `id_estado_bloque`) VALUES(78, '0', '10:00', '09:50', 1);
INSERT INTO `bloque_horario` (`id_bloque`, `dia_semana`, `hora_fin`, `hora_inicio`, `id_estado_bloque`) VALUES(79, '1', '10:00', '09:50', 1);
INSERT INTO `bloque_horario` (`id_bloque`, `dia_semana`, `hora_fin`, `hora_inicio`, `id_estado_bloque`) VALUES(80, '2', '10:00', '09:50', 1);
INSERT INTO `bloque_horario` (`id_bloque`, `dia_semana`, `hora_fin`, `hora_inicio`, `id_estado_bloque`) VALUES(81, '3', '10:00', '09:50', 1);
INSERT INTO `bloque_horario` (`id_bloque`, `dia_semana`, `hora_fin`, `hora_inicio`, `id_estado_bloque`) VALUES(82, '4', '10:00', '09:50', 1);
INSERT INTO `bloque_horario` (`id_bloque`, `dia_semana`, `hora_fin`, `hora_inicio`, `id_estado_bloque`) VALUES(83, '5', '10:00', '09:50', 1);
INSERT INTO `bloque_horario` (`id_bloque`, `dia_semana`, `hora_fin`, `hora_inicio`, `id_estado_bloque`) VALUES(84, '6', '10:00', '09:50', 1);
INSERT INTO `bloque_horario` (`id_bloque`, `dia_semana`, `hora_fin`, `hora_inicio`, `id_estado_bloque`) VALUES(85, '0', '10:10', '10:00', 1);
INSERT INTO `bloque_horario` (`id_bloque`, `dia_semana`, `hora_fin`, `hora_inicio`, `id_estado_bloque`) VALUES(86, '1', '10:10', '10:00', 1);
INSERT INTO `bloque_horario` (`id_bloque`, `dia_semana`, `hora_fin`, `hora_inicio`, `id_estado_bloque`) VALUES(87, '2', '10:10', '10:00', 1);
INSERT INTO `bloque_horario` (`id_bloque`, `dia_semana`, `hora_fin`, `hora_inicio`, `id_estado_bloque`) VALUES(88, '3', '10:10', '10:00', 1);
INSERT INTO `bloque_horario` (`id_bloque`, `dia_semana`, `hora_fin`, `hora_inicio`, `id_estado_bloque`) VALUES(89, '4', '10:10', '10:00', 1);
INSERT INTO `bloque_horario` (`id_bloque`, `dia_semana`, `hora_fin`, `hora_inicio`, `id_estado_bloque`) VALUES(90, '5', '10:10', '10:00', 1);
INSERT INTO `bloque_horario` (`id_bloque`, `dia_semana`, `hora_fin`, `hora_inicio`, `id_estado_bloque`) VALUES(91, '6', '10:10', '10:00', 1);
INSERT INTO `bloque_horario` (`id_bloque`, `dia_semana`, `hora_fin`, `hora_inicio`, `id_estado_bloque`) VALUES(92, '0', '10:20', '10:10', 1);
INSERT INTO `bloque_horario` (`id_bloque`, `dia_semana`, `hora_fin`, `hora_inicio`, `id_estado_bloque`) VALUES(93, '1', '10:20', '10:10', 1);
INSERT INTO `bloque_horario` (`id_bloque`, `dia_semana`, `hora_fin`, `hora_inicio`, `id_estado_bloque`) VALUES(94, '2', '10:20', '10:10', 1);
INSERT INTO `bloque_horario` (`id_bloque`, `dia_semana`, `hora_fin`, `hora_inicio`, `id_estado_bloque`) VALUES(95, '3', '10:20', '10:10', 1);
INSERT INTO `bloque_horario` (`id_bloque`, `dia_semana`, `hora_fin`, `hora_inicio`, `id_estado_bloque`) VALUES(96, '4', '10:20', '10:10', 1);
INSERT INTO `bloque_horario` (`id_bloque`, `dia_semana`, `hora_fin`, `hora_inicio`, `id_estado_bloque`) VALUES(97, '5', '10:20', '10:10', 1);
INSERT INTO `bloque_horario` (`id_bloque`, `dia_semana`, `hora_fin`, `hora_inicio`, `id_estado_bloque`) VALUES(98, '6', '10:20', '10:10', 1);
INSERT INTO `bloque_horario` (`id_bloque`, `dia_semana`, `hora_fin`, `hora_inicio`, `id_estado_bloque`) VALUES(99, '0', '10:30', '10:20', 1);
INSERT INTO `bloque_horario` (`id_bloque`, `dia_semana`, `hora_fin`, `hora_inicio`, `id_estado_bloque`) VALUES(100, '1', '10:30', '10:20', 1);
INSERT INTO `bloque_horario` (`id_bloque`, `dia_semana`, `hora_fin`, `hora_inicio`, `id_estado_bloque`) VALUES(101, '2', '10:30', '10:20', 1);
INSERT INTO `bloque_horario` (`id_bloque`, `dia_semana`, `hora_fin`, `hora_inicio`, `id_estado_bloque`) VALUES(102, '3', '10:30', '10:20', 1);
INSERT INTO `bloque_horario` (`id_bloque`, `dia_semana`, `hora_fin`, `hora_inicio`, `id_estado_bloque`) VALUES(103, '4', '10:30', '10:20', 1);
INSERT INTO `bloque_horario` (`id_bloque`, `dia_semana`, `hora_fin`, `hora_inicio`, `id_estado_bloque`) VALUES(104, '5', '10:30', '10:20', 1);
INSERT INTO `bloque_horario` (`id_bloque`, `dia_semana`, `hora_fin`, `hora_inicio`, `id_estado_bloque`) VALUES(105, '6', '10:30', '10:20', 1);
INSERT INTO `bloque_horario` (`id_bloque`, `dia_semana`, `hora_fin`, `hora_inicio`, `id_estado_bloque`) VALUES(106, '0', '10:40', '10:30', 1);
INSERT INTO `bloque_horario` (`id_bloque`, `dia_semana`, `hora_fin`, `hora_inicio`, `id_estado_bloque`) VALUES(107, '1', '10:40', '10:30', 1);
INSERT INTO `bloque_horario` (`id_bloque`, `dia_semana`, `hora_fin`, `hora_inicio`, `id_estado_bloque`) VALUES(108, '2', '10:40', '10:30', 1);
INSERT INTO `bloque_horario` (`id_bloque`, `dia_semana`, `hora_fin`, `hora_inicio`, `id_estado_bloque`) VALUES(109, '3', '10:40', '10:30', 1);
INSERT INTO `bloque_horario` (`id_bloque`, `dia_semana`, `hora_fin`, `hora_inicio`, `id_estado_bloque`) VALUES(110, '4', '10:40', '10:30', 1);
INSERT INTO `bloque_horario` (`id_bloque`, `dia_semana`, `hora_fin`, `hora_inicio`, `id_estado_bloque`) VALUES(111, '5', '10:40', '10:30', 1);
INSERT INTO `bloque_horario` (`id_bloque`, `dia_semana`, `hora_fin`, `hora_inicio`, `id_estado_bloque`) VALUES(112, '6', '10:40', '10:30', 1);
INSERT INTO `bloque_horario` (`id_bloque`, `dia_semana`, `hora_fin`, `hora_inicio`, `id_estado_bloque`) VALUES(113, '0', '10:50', '10:40', 1);
INSERT INTO `bloque_horario` (`id_bloque`, `dia_semana`, `hora_fin`, `hora_inicio`, `id_estado_bloque`) VALUES(114, '1', '10:50', '10:40', 1);
INSERT INTO `bloque_horario` (`id_bloque`, `dia_semana`, `hora_fin`, `hora_inicio`, `id_estado_bloque`) VALUES(115, '2', '10:50', '10:40', 1);
INSERT INTO `bloque_horario` (`id_bloque`, `dia_semana`, `hora_fin`, `hora_inicio`, `id_estado_bloque`) VALUES(116, '3', '10:50', '10:40', 1);
INSERT INTO `bloque_horario` (`id_bloque`, `dia_semana`, `hora_fin`, `hora_inicio`, `id_estado_bloque`) VALUES(117, '4', '10:50', '10:40', 1);
INSERT INTO `bloque_horario` (`id_bloque`, `dia_semana`, `hora_fin`, `hora_inicio`, `id_estado_bloque`) VALUES(118, '5', '10:50', '10:40', 1);
INSERT INTO `bloque_horario` (`id_bloque`, `dia_semana`, `hora_fin`, `hora_inicio`, `id_estado_bloque`) VALUES(119, '6', '10:50', '10:40', 1);
INSERT INTO `bloque_horario` (`id_bloque`, `dia_semana`, `hora_fin`, `hora_inicio`, `id_estado_bloque`) VALUES(120, '0', '11:00', '10:50', 1);
INSERT INTO `bloque_horario` (`id_bloque`, `dia_semana`, `hora_fin`, `hora_inicio`, `id_estado_bloque`) VALUES(121, '1', '11:00', '10:50', 1);
INSERT INTO `bloque_horario` (`id_bloque`, `dia_semana`, `hora_fin`, `hora_inicio`, `id_estado_bloque`) VALUES(122, '2', '11:00', '10:50', 1);
INSERT INTO `bloque_horario` (`id_bloque`, `dia_semana`, `hora_fin`, `hora_inicio`, `id_estado_bloque`) VALUES(123, '3', '11:00', '10:50', 1);
INSERT INTO `bloque_horario` (`id_bloque`, `dia_semana`, `hora_fin`, `hora_inicio`, `id_estado_bloque`) VALUES(124, '4', '11:00', '10:50', 1);
INSERT INTO `bloque_horario` (`id_bloque`, `dia_semana`, `hora_fin`, `hora_inicio`, `id_estado_bloque`) VALUES(125, '5', '11:00', '10:50', 1);
INSERT INTO `bloque_horario` (`id_bloque`, `dia_semana`, `hora_fin`, `hora_inicio`, `id_estado_bloque`) VALUES(126, '6', '11:00', '10:50', 1);
INSERT INTO `bloque_horario` (`id_bloque`, `dia_semana`, `hora_fin`, `hora_inicio`, `id_estado_bloque`) VALUES(127, '0', '11:10', '11:00', 1);
INSERT INTO `bloque_horario` (`id_bloque`, `dia_semana`, `hora_fin`, `hora_inicio`, `id_estado_bloque`) VALUES(128, '1', '11:10', '11:00', 1);
INSERT INTO `bloque_horario` (`id_bloque`, `dia_semana`, `hora_fin`, `hora_inicio`, `id_estado_bloque`) VALUES(129, '2', '11:10', '11:00', 1);
INSERT INTO `bloque_horario` (`id_bloque`, `dia_semana`, `hora_fin`, `hora_inicio`, `id_estado_bloque`) VALUES(130, '3', '11:10', '11:00', 1);
INSERT INTO `bloque_horario` (`id_bloque`, `dia_semana`, `hora_fin`, `hora_inicio`, `id_estado_bloque`) VALUES(131, '4', '11:10', '11:00', 1);
INSERT INTO `bloque_horario` (`id_bloque`, `dia_semana`, `hora_fin`, `hora_inicio`, `id_estado_bloque`) VALUES(132, '5', '11:10', '11:00', 1);
INSERT INTO `bloque_horario` (`id_bloque`, `dia_semana`, `hora_fin`, `hora_inicio`, `id_estado_bloque`) VALUES(133, '6', '11:10', '11:00', 1);
INSERT INTO `bloque_horario` (`id_bloque`, `dia_semana`, `hora_fin`, `hora_inicio`, `id_estado_bloque`) VALUES(134, '0', '11:20', '11:10', 1);
INSERT INTO `bloque_horario` (`id_bloque`, `dia_semana`, `hora_fin`, `hora_inicio`, `id_estado_bloque`) VALUES(135, '1', '11:20', '11:10', 1);
INSERT INTO `bloque_horario` (`id_bloque`, `dia_semana`, `hora_fin`, `hora_inicio`, `id_estado_bloque`) VALUES(136, '2', '11:20', '11:10', 1);
INSERT INTO `bloque_horario` (`id_bloque`, `dia_semana`, `hora_fin`, `hora_inicio`, `id_estado_bloque`) VALUES(137, '3', '11:20', '11:10', 1);
INSERT INTO `bloque_horario` (`id_bloque`, `dia_semana`, `hora_fin`, `hora_inicio`, `id_estado_bloque`) VALUES(138, '4', '11:20', '11:10', 1);
INSERT INTO `bloque_horario` (`id_bloque`, `dia_semana`, `hora_fin`, `hora_inicio`, `id_estado_bloque`) VALUES(139, '5', '11:20', '11:10', 1);
INSERT INTO `bloque_horario` (`id_bloque`, `dia_semana`, `hora_fin`, `hora_inicio`, `id_estado_bloque`) VALUES(140, '6', '11:20', '11:10', 1);
INSERT INTO `bloque_horario` (`id_bloque`, `dia_semana`, `hora_fin`, `hora_inicio`, `id_estado_bloque`) VALUES(141, '0', '11:30', '11:20', 1);
INSERT INTO `bloque_horario` (`id_bloque`, `dia_semana`, `hora_fin`, `hora_inicio`, `id_estado_bloque`) VALUES(142, '1', '11:30', '11:20', 1);
INSERT INTO `bloque_horario` (`id_bloque`, `dia_semana`, `hora_fin`, `hora_inicio`, `id_estado_bloque`) VALUES(143, '2', '11:30', '11:20', 1);
INSERT INTO `bloque_horario` (`id_bloque`, `dia_semana`, `hora_fin`, `hora_inicio`, `id_estado_bloque`) VALUES(144, '3', '11:30', '11:20', 1);
INSERT INTO `bloque_horario` (`id_bloque`, `dia_semana`, `hora_fin`, `hora_inicio`, `id_estado_bloque`) VALUES(145, '4', '11:30', '11:20', 1);
INSERT INTO `bloque_horario` (`id_bloque`, `dia_semana`, `hora_fin`, `hora_inicio`, `id_estado_bloque`) VALUES(146, '5', '11:30', '11:20', 1);
INSERT INTO `bloque_horario` (`id_bloque`, `dia_semana`, `hora_fin`, `hora_inicio`, `id_estado_bloque`) VALUES(147, '6', '11:30', '11:20', 1);
INSERT INTO `bloque_horario` (`id_bloque`, `dia_semana`, `hora_fin`, `hora_inicio`, `id_estado_bloque`) VALUES(148, '0', '11:40', '11:30', 1);
INSERT INTO `bloque_horario` (`id_bloque`, `dia_semana`, `hora_fin`, `hora_inicio`, `id_estado_bloque`) VALUES(149, '1', '11:40', '11:30', 1);
INSERT INTO `bloque_horario` (`id_bloque`, `dia_semana`, `hora_fin`, `hora_inicio`, `id_estado_bloque`) VALUES(150, '2', '11:40', '11:30', 1);
INSERT INTO `bloque_horario` (`id_bloque`, `dia_semana`, `hora_fin`, `hora_inicio`, `id_estado_bloque`) VALUES(151, '3', '11:40', '11:30', 1);
INSERT INTO `bloque_horario` (`id_bloque`, `dia_semana`, `hora_fin`, `hora_inicio`, `id_estado_bloque`) VALUES(152, '4', '11:40', '11:30', 1);
INSERT INTO `bloque_horario` (`id_bloque`, `dia_semana`, `hora_fin`, `hora_inicio`, `id_estado_bloque`) VALUES(153, '5', '11:40', '11:30', 1);
INSERT INTO `bloque_horario` (`id_bloque`, `dia_semana`, `hora_fin`, `hora_inicio`, `id_estado_bloque`) VALUES(154, '6', '11:40', '11:30', 1);
INSERT INTO `bloque_horario` (`id_bloque`, `dia_semana`, `hora_fin`, `hora_inicio`, `id_estado_bloque`) VALUES(155, '0', '11:50', '11:40', 1);
INSERT INTO `bloque_horario` (`id_bloque`, `dia_semana`, `hora_fin`, `hora_inicio`, `id_estado_bloque`) VALUES(156, '1', '11:50', '11:40', 1);
INSERT INTO `bloque_horario` (`id_bloque`, `dia_semana`, `hora_fin`, `hora_inicio`, `id_estado_bloque`) VALUES(157, '2', '11:50', '11:40', 1);
INSERT INTO `bloque_horario` (`id_bloque`, `dia_semana`, `hora_fin`, `hora_inicio`, `id_estado_bloque`) VALUES(158, '3', '11:50', '11:40', 1);
INSERT INTO `bloque_horario` (`id_bloque`, `dia_semana`, `hora_fin`, `hora_inicio`, `id_estado_bloque`) VALUES(159, '4', '11:50', '11:40', 1);
INSERT INTO `bloque_horario` (`id_bloque`, `dia_semana`, `hora_fin`, `hora_inicio`, `id_estado_bloque`) VALUES(160, '5', '11:50', '11:40', 1);
INSERT INTO `bloque_horario` (`id_bloque`, `dia_semana`, `hora_fin`, `hora_inicio`, `id_estado_bloque`) VALUES(161, '6', '11:50', '11:40', 1);
INSERT INTO `bloque_horario` (`id_bloque`, `dia_semana`, `hora_fin`, `hora_inicio`, `id_estado_bloque`) VALUES(162, '0', '12:00', '11:50', 1);
INSERT INTO `bloque_horario` (`id_bloque`, `dia_semana`, `hora_fin`, `hora_inicio`, `id_estado_bloque`) VALUES(163, '1', '12:00', '11:50', 1);
INSERT INTO `bloque_horario` (`id_bloque`, `dia_semana`, `hora_fin`, `hora_inicio`, `id_estado_bloque`) VALUES(164, '2', '12:00', '11:50', 1);
INSERT INTO `bloque_horario` (`id_bloque`, `dia_semana`, `hora_fin`, `hora_inicio`, `id_estado_bloque`) VALUES(165, '3', '12:00', '11:50', 1);
INSERT INTO `bloque_horario` (`id_bloque`, `dia_semana`, `hora_fin`, `hora_inicio`, `id_estado_bloque`) VALUES(166, '4', '12:00', '11:50', 1);
INSERT INTO `bloque_horario` (`id_bloque`, `dia_semana`, `hora_fin`, `hora_inicio`, `id_estado_bloque`) VALUES(167, '5', '12:00', '11:50', 1);
INSERT INTO `bloque_horario` (`id_bloque`, `dia_semana`, `hora_fin`, `hora_inicio`, `id_estado_bloque`) VALUES(168, '6', '12:00', '11:50', 1);
INSERT INTO `bloque_horario` (`id_bloque`, `dia_semana`, `hora_fin`, `hora_inicio`, `id_estado_bloque`) VALUES(169, '0', '12:10', '12:00', 1);
INSERT INTO `bloque_horario` (`id_bloque`, `dia_semana`, `hora_fin`, `hora_inicio`, `id_estado_bloque`) VALUES(170, '1', '12:10', '12:00', 1);
INSERT INTO `bloque_horario` (`id_bloque`, `dia_semana`, `hora_fin`, `hora_inicio`, `id_estado_bloque`) VALUES(171, '2', '12:10', '12:00', 1);
INSERT INTO `bloque_horario` (`id_bloque`, `dia_semana`, `hora_fin`, `hora_inicio`, `id_estado_bloque`) VALUES(172, '3', '12:10', '12:00', 1);
INSERT INTO `bloque_horario` (`id_bloque`, `dia_semana`, `hora_fin`, `hora_inicio`, `id_estado_bloque`) VALUES(173, '4', '12:10', '12:00', 1);
INSERT INTO `bloque_horario` (`id_bloque`, `dia_semana`, `hora_fin`, `hora_inicio`, `id_estado_bloque`) VALUES(174, '5', '12:10', '12:00', 1);
INSERT INTO `bloque_horario` (`id_bloque`, `dia_semana`, `hora_fin`, `hora_inicio`, `id_estado_bloque`) VALUES(175, '6', '12:10', '12:00', 1);
INSERT INTO `bloque_horario` (`id_bloque`, `dia_semana`, `hora_fin`, `hora_inicio`, `id_estado_bloque`) VALUES(176, '0', '12:20', '12:10', 1);
INSERT INTO `bloque_horario` (`id_bloque`, `dia_semana`, `hora_fin`, `hora_inicio`, `id_estado_bloque`) VALUES(177, '1', '12:20', '12:10', 1);
INSERT INTO `bloque_horario` (`id_bloque`, `dia_semana`, `hora_fin`, `hora_inicio`, `id_estado_bloque`) VALUES(178, '2', '12:20', '12:10', 1);
INSERT INTO `bloque_horario` (`id_bloque`, `dia_semana`, `hora_fin`, `hora_inicio`, `id_estado_bloque`) VALUES(179, '3', '12:20', '12:10', 1);
INSERT INTO `bloque_horario` (`id_bloque`, `dia_semana`, `hora_fin`, `hora_inicio`, `id_estado_bloque`) VALUES(180, '4', '12:20', '12:10', 1);
INSERT INTO `bloque_horario` (`id_bloque`, `dia_semana`, `hora_fin`, `hora_inicio`, `id_estado_bloque`) VALUES(181, '5', '12:20', '12:10', 1);
INSERT INTO `bloque_horario` (`id_bloque`, `dia_semana`, `hora_fin`, `hora_inicio`, `id_estado_bloque`) VALUES(182, '6', '12:20', '12:10', 1);
INSERT INTO `bloque_horario` (`id_bloque`, `dia_semana`, `hora_fin`, `hora_inicio`, `id_estado_bloque`) VALUES(183, '0', '12:30', '12:20', 1);
INSERT INTO `bloque_horario` (`id_bloque`, `dia_semana`, `hora_fin`, `hora_inicio`, `id_estado_bloque`) VALUES(184, '1', '12:30', '12:20', 1);
INSERT INTO `bloque_horario` (`id_bloque`, `dia_semana`, `hora_fin`, `hora_inicio`, `id_estado_bloque`) VALUES(185, '2', '12:30', '12:20', 1);
INSERT INTO `bloque_horario` (`id_bloque`, `dia_semana`, `hora_fin`, `hora_inicio`, `id_estado_bloque`) VALUES(186, '3', '12:30', '12:20', 1);
INSERT INTO `bloque_horario` (`id_bloque`, `dia_semana`, `hora_fin`, `hora_inicio`, `id_estado_bloque`) VALUES(187, '4', '12:30', '12:20', 1);
INSERT INTO `bloque_horario` (`id_bloque`, `dia_semana`, `hora_fin`, `hora_inicio`, `id_estado_bloque`) VALUES(188, '5', '12:30', '12:20', 1);
INSERT INTO `bloque_horario` (`id_bloque`, `dia_semana`, `hora_fin`, `hora_inicio`, `id_estado_bloque`) VALUES(189, '6', '12:30', '12:20', 1);
INSERT INTO `bloque_horario` (`id_bloque`, `dia_semana`, `hora_fin`, `hora_inicio`, `id_estado_bloque`) VALUES(190, '0', '12:40', '12:30', 1);
INSERT INTO `bloque_horario` (`id_bloque`, `dia_semana`, `hora_fin`, `hora_inicio`, `id_estado_bloque`) VALUES(191, '1', '12:40', '12:30', 1);
INSERT INTO `bloque_horario` (`id_bloque`, `dia_semana`, `hora_fin`, `hora_inicio`, `id_estado_bloque`) VALUES(192, '2', '12:40', '12:30', 1);
INSERT INTO `bloque_horario` (`id_bloque`, `dia_semana`, `hora_fin`, `hora_inicio`, `id_estado_bloque`) VALUES(193, '3', '12:40', '12:30', 1);
INSERT INTO `bloque_horario` (`id_bloque`, `dia_semana`, `hora_fin`, `hora_inicio`, `id_estado_bloque`) VALUES(194, '4', '12:40', '12:30', 1);
INSERT INTO `bloque_horario` (`id_bloque`, `dia_semana`, `hora_fin`, `hora_inicio`, `id_estado_bloque`) VALUES(195, '5', '12:40', '12:30', 1);
INSERT INTO `bloque_horario` (`id_bloque`, `dia_semana`, `hora_fin`, `hora_inicio`, `id_estado_bloque`) VALUES(196, '6', '12:40', '12:30', 1);
INSERT INTO `bloque_horario` (`id_bloque`, `dia_semana`, `hora_fin`, `hora_inicio`, `id_estado_bloque`) VALUES(197, '0', '12:50', '12:40', 1);
INSERT INTO `bloque_horario` (`id_bloque`, `dia_semana`, `hora_fin`, `hora_inicio`, `id_estado_bloque`) VALUES(198, '1', '12:50', '12:40', 1);
INSERT INTO `bloque_horario` (`id_bloque`, `dia_semana`, `hora_fin`, `hora_inicio`, `id_estado_bloque`) VALUES(199, '2', '12:50', '12:40', 1);
INSERT INTO `bloque_horario` (`id_bloque`, `dia_semana`, `hora_fin`, `hora_inicio`, `id_estado_bloque`) VALUES(200, '3', '12:50', '12:40', 1);
INSERT INTO `bloque_horario` (`id_bloque`, `dia_semana`, `hora_fin`, `hora_inicio`, `id_estado_bloque`) VALUES(201, '4', '12:50', '12:40', 1);
INSERT INTO `bloque_horario` (`id_bloque`, `dia_semana`, `hora_fin`, `hora_inicio`, `id_estado_bloque`) VALUES(202, '5', '12:50', '12:40', 1);
INSERT INTO `bloque_horario` (`id_bloque`, `dia_semana`, `hora_fin`, `hora_inicio`, `id_estado_bloque`) VALUES(203, '6', '12:50', '12:40', 1);
INSERT INTO `bloque_horario` (`id_bloque`, `dia_semana`, `hora_fin`, `hora_inicio`, `id_estado_bloque`) VALUES(204, '0', '13:00', '12:50', 1);
INSERT INTO `bloque_horario` (`id_bloque`, `dia_semana`, `hora_fin`, `hora_inicio`, `id_estado_bloque`) VALUES(205, '1', '13:00', '12:50', 1);
INSERT INTO `bloque_horario` (`id_bloque`, `dia_semana`, `hora_fin`, `hora_inicio`, `id_estado_bloque`) VALUES(206, '2', '13:00', '12:50', 1);
INSERT INTO `bloque_horario` (`id_bloque`, `dia_semana`, `hora_fin`, `hora_inicio`, `id_estado_bloque`) VALUES(207, '3', '13:00', '12:50', 1);
INSERT INTO `bloque_horario` (`id_bloque`, `dia_semana`, `hora_fin`, `hora_inicio`, `id_estado_bloque`) VALUES(208, '4', '13:00', '12:50', 1);
INSERT INTO `bloque_horario` (`id_bloque`, `dia_semana`, `hora_fin`, `hora_inicio`, `id_estado_bloque`) VALUES(209, '5', '13:00', '12:50', 1);
INSERT INTO `bloque_horario` (`id_bloque`, `dia_semana`, `hora_fin`, `hora_inicio`, `id_estado_bloque`) VALUES(210, '6', '13:00', '12:50', 1);
INSERT INTO `bloque_horario` (`id_bloque`, `dia_semana`, `hora_fin`, `hora_inicio`, `id_estado_bloque`) VALUES(211, '0', '13:10', '13:00', 1);
INSERT INTO `bloque_horario` (`id_bloque`, `dia_semana`, `hora_fin`, `hora_inicio`, `id_estado_bloque`) VALUES(212, '1', '13:10', '13:00', 1);
INSERT INTO `bloque_horario` (`id_bloque`, `dia_semana`, `hora_fin`, `hora_inicio`, `id_estado_bloque`) VALUES(213, '2', '13:10', '13:00', 1);
INSERT INTO `bloque_horario` (`id_bloque`, `dia_semana`, `hora_fin`, `hora_inicio`, `id_estado_bloque`) VALUES(214, '3', '13:10', '13:00', 1);
INSERT INTO `bloque_horario` (`id_bloque`, `dia_semana`, `hora_fin`, `hora_inicio`, `id_estado_bloque`) VALUES(215, '4', '13:10', '13:00', 1);
INSERT INTO `bloque_horario` (`id_bloque`, `dia_semana`, `hora_fin`, `hora_inicio`, `id_estado_bloque`) VALUES(216, '5', '13:10', '13:00', 1);
INSERT INTO `bloque_horario` (`id_bloque`, `dia_semana`, `hora_fin`, `hora_inicio`, `id_estado_bloque`) VALUES(217, '6', '13:10', '13:00', 1);
INSERT INTO `bloque_horario` (`id_bloque`, `dia_semana`, `hora_fin`, `hora_inicio`, `id_estado_bloque`) VALUES(218, '0', '13:20', '13:10', 1);
INSERT INTO `bloque_horario` (`id_bloque`, `dia_semana`, `hora_fin`, `hora_inicio`, `id_estado_bloque`) VALUES(219, '1', '13:20', '13:10', 1);
INSERT INTO `bloque_horario` (`id_bloque`, `dia_semana`, `hora_fin`, `hora_inicio`, `id_estado_bloque`) VALUES(220, '2', '13:20', '13:10', 1);
INSERT INTO `bloque_horario` (`id_bloque`, `dia_semana`, `hora_fin`, `hora_inicio`, `id_estado_bloque`) VALUES(221, '3', '13:20', '13:10', 1);
INSERT INTO `bloque_horario` (`id_bloque`, `dia_semana`, `hora_fin`, `hora_inicio`, `id_estado_bloque`) VALUES(222, '4', '13:20', '13:10', 1);
INSERT INTO `bloque_horario` (`id_bloque`, `dia_semana`, `hora_fin`, `hora_inicio`, `id_estado_bloque`) VALUES(223, '5', '13:20', '13:10', 1);
INSERT INTO `bloque_horario` (`id_bloque`, `dia_semana`, `hora_fin`, `hora_inicio`, `id_estado_bloque`) VALUES(224, '6', '13:20', '13:10', 1);
INSERT INTO `bloque_horario` (`id_bloque`, `dia_semana`, `hora_fin`, `hora_inicio`, `id_estado_bloque`) VALUES(225, '0', '13:30', '13:20', 1);
INSERT INTO `bloque_horario` (`id_bloque`, `dia_semana`, `hora_fin`, `hora_inicio`, `id_estado_bloque`) VALUES(226, '1', '13:30', '13:20', 1);
INSERT INTO `bloque_horario` (`id_bloque`, `dia_semana`, `hora_fin`, `hora_inicio`, `id_estado_bloque`) VALUES(227, '2', '13:30', '13:20', 1);
INSERT INTO `bloque_horario` (`id_bloque`, `dia_semana`, `hora_fin`, `hora_inicio`, `id_estado_bloque`) VALUES(228, '3', '13:30', '13:20', 1);
INSERT INTO `bloque_horario` (`id_bloque`, `dia_semana`, `hora_fin`, `hora_inicio`, `id_estado_bloque`) VALUES(229, '4', '13:30', '13:20', 1);
INSERT INTO `bloque_horario` (`id_bloque`, `dia_semana`, `hora_fin`, `hora_inicio`, `id_estado_bloque`) VALUES(230, '5', '13:30', '13:20', 1);
INSERT INTO `bloque_horario` (`id_bloque`, `dia_semana`, `hora_fin`, `hora_inicio`, `id_estado_bloque`) VALUES(231, '6', '13:30', '13:20', 1);
INSERT INTO `bloque_horario` (`id_bloque`, `dia_semana`, `hora_fin`, `hora_inicio`, `id_estado_bloque`) VALUES(232, '0', '13:40', '13:30', 1);
INSERT INTO `bloque_horario` (`id_bloque`, `dia_semana`, `hora_fin`, `hora_inicio`, `id_estado_bloque`) VALUES(233, '1', '13:40', '13:30', 1);
INSERT INTO `bloque_horario` (`id_bloque`, `dia_semana`, `hora_fin`, `hora_inicio`, `id_estado_bloque`) VALUES(234, '2', '13:40', '13:30', 1);
INSERT INTO `bloque_horario` (`id_bloque`, `dia_semana`, `hora_fin`, `hora_inicio`, `id_estado_bloque`) VALUES(235, '3', '13:40', '13:30', 1);
INSERT INTO `bloque_horario` (`id_bloque`, `dia_semana`, `hora_fin`, `hora_inicio`, `id_estado_bloque`) VALUES(236, '4', '13:40', '13:30', 1);
INSERT INTO `bloque_horario` (`id_bloque`, `dia_semana`, `hora_fin`, `hora_inicio`, `id_estado_bloque`) VALUES(237, '5', '13:40', '13:30', 1);
INSERT INTO `bloque_horario` (`id_bloque`, `dia_semana`, `hora_fin`, `hora_inicio`, `id_estado_bloque`) VALUES(238, '6', '13:40', '13:30', 1);
INSERT INTO `bloque_horario` (`id_bloque`, `dia_semana`, `hora_fin`, `hora_inicio`, `id_estado_bloque`) VALUES(239, '0', '13:50', '13:40', 1);
INSERT INTO `bloque_horario` (`id_bloque`, `dia_semana`, `hora_fin`, `hora_inicio`, `id_estado_bloque`) VALUES(240, '1', '13:50', '13:40', 1);
INSERT INTO `bloque_horario` (`id_bloque`, `dia_semana`, `hora_fin`, `hora_inicio`, `id_estado_bloque`) VALUES(241, '2', '13:50', '13:40', 1);
INSERT INTO `bloque_horario` (`id_bloque`, `dia_semana`, `hora_fin`, `hora_inicio`, `id_estado_bloque`) VALUES(242, '3', '13:50', '13:40', 1);
INSERT INTO `bloque_horario` (`id_bloque`, `dia_semana`, `hora_fin`, `hora_inicio`, `id_estado_bloque`) VALUES(243, '4', '13:50', '13:40', 1);
INSERT INTO `bloque_horario` (`id_bloque`, `dia_semana`, `hora_fin`, `hora_inicio`, `id_estado_bloque`) VALUES(244, '5', '13:50', '13:40', 1);
INSERT INTO `bloque_horario` (`id_bloque`, `dia_semana`, `hora_fin`, `hora_inicio`, `id_estado_bloque`) VALUES(245, '6', '13:50', '13:40', 1);
INSERT INTO `bloque_horario` (`id_bloque`, `dia_semana`, `hora_fin`, `hora_inicio`, `id_estado_bloque`) VALUES(246, '0', '14:00', '13:50', 1);
INSERT INTO `bloque_horario` (`id_bloque`, `dia_semana`, `hora_fin`, `hora_inicio`, `id_estado_bloque`) VALUES(247, '1', '14:00', '13:50', 1);
INSERT INTO `bloque_horario` (`id_bloque`, `dia_semana`, `hora_fin`, `hora_inicio`, `id_estado_bloque`) VALUES(248, '2', '14:00', '13:50', 1);
INSERT INTO `bloque_horario` (`id_bloque`, `dia_semana`, `hora_fin`, `hora_inicio`, `id_estado_bloque`) VALUES(249, '3', '14:00', '13:50', 1);
INSERT INTO `bloque_horario` (`id_bloque`, `dia_semana`, `hora_fin`, `hora_inicio`, `id_estado_bloque`) VALUES(250, '4', '14:00', '13:50', 1);
INSERT INTO `bloque_horario` (`id_bloque`, `dia_semana`, `hora_fin`, `hora_inicio`, `id_estado_bloque`) VALUES(251, '5', '14:00', '13:50', 1);
INSERT INTO `bloque_horario` (`id_bloque`, `dia_semana`, `hora_fin`, `hora_inicio`, `id_estado_bloque`) VALUES(252, '6', '14:00', '13:50', 1);
INSERT INTO `bloque_horario` (`id_bloque`, `dia_semana`, `hora_fin`, `hora_inicio`, `id_estado_bloque`) VALUES(253, '0', '14:10', '14:00', 1);
INSERT INTO `bloque_horario` (`id_bloque`, `dia_semana`, `hora_fin`, `hora_inicio`, `id_estado_bloque`) VALUES(254, '1', '14:10', '14:00', 1);
INSERT INTO `bloque_horario` (`id_bloque`, `dia_semana`, `hora_fin`, `hora_inicio`, `id_estado_bloque`) VALUES(255, '2', '14:10', '14:00', 1);
INSERT INTO `bloque_horario` (`id_bloque`, `dia_semana`, `hora_fin`, `hora_inicio`, `id_estado_bloque`) VALUES(256, '3', '14:10', '14:00', 1);
INSERT INTO `bloque_horario` (`id_bloque`, `dia_semana`, `hora_fin`, `hora_inicio`, `id_estado_bloque`) VALUES(257, '4', '14:10', '14:00', 1);
INSERT INTO `bloque_horario` (`id_bloque`, `dia_semana`, `hora_fin`, `hora_inicio`, `id_estado_bloque`) VALUES(258, '5', '14:10', '14:00', 1);
INSERT INTO `bloque_horario` (`id_bloque`, `dia_semana`, `hora_fin`, `hora_inicio`, `id_estado_bloque`) VALUES(259, '6', '14:10', '14:00', 1);
INSERT INTO `bloque_horario` (`id_bloque`, `dia_semana`, `hora_fin`, `hora_inicio`, `id_estado_bloque`) VALUES(260, '0', '14:20', '14:10', 1);
INSERT INTO `bloque_horario` (`id_bloque`, `dia_semana`, `hora_fin`, `hora_inicio`, `id_estado_bloque`) VALUES(261, '1', '14:20', '14:10', 1);
INSERT INTO `bloque_horario` (`id_bloque`, `dia_semana`, `hora_fin`, `hora_inicio`, `id_estado_bloque`) VALUES(262, '2', '14:20', '14:10', 1);
INSERT INTO `bloque_horario` (`id_bloque`, `dia_semana`, `hora_fin`, `hora_inicio`, `id_estado_bloque`) VALUES(263, '3', '14:20', '14:10', 1);
INSERT INTO `bloque_horario` (`id_bloque`, `dia_semana`, `hora_fin`, `hora_inicio`, `id_estado_bloque`) VALUES(264, '4', '14:20', '14:10', 1);
INSERT INTO `bloque_horario` (`id_bloque`, `dia_semana`, `hora_fin`, `hora_inicio`, `id_estado_bloque`) VALUES(265, '5', '14:20', '14:10', 1);
INSERT INTO `bloque_horario` (`id_bloque`, `dia_semana`, `hora_fin`, `hora_inicio`, `id_estado_bloque`) VALUES(266, '6', '14:20', '14:10', 1);
INSERT INTO `bloque_horario` (`id_bloque`, `dia_semana`, `hora_fin`, `hora_inicio`, `id_estado_bloque`) VALUES(267, '0', '14:30', '14:20', 1);
INSERT INTO `bloque_horario` (`id_bloque`, `dia_semana`, `hora_fin`, `hora_inicio`, `id_estado_bloque`) VALUES(268, '1', '14:30', '14:20', 1);
INSERT INTO `bloque_horario` (`id_bloque`, `dia_semana`, `hora_fin`, `hora_inicio`, `id_estado_bloque`) VALUES(269, '2', '14:30', '14:20', 1);
INSERT INTO `bloque_horario` (`id_bloque`, `dia_semana`, `hora_fin`, `hora_inicio`, `id_estado_bloque`) VALUES(270, '3', '14:30', '14:20', 1);
INSERT INTO `bloque_horario` (`id_bloque`, `dia_semana`, `hora_fin`, `hora_inicio`, `id_estado_bloque`) VALUES(271, '4', '14:30', '14:20', 1);
INSERT INTO `bloque_horario` (`id_bloque`, `dia_semana`, `hora_fin`, `hora_inicio`, `id_estado_bloque`) VALUES(272, '5', '14:30', '14:20', 1);
INSERT INTO `bloque_horario` (`id_bloque`, `dia_semana`, `hora_fin`, `hora_inicio`, `id_estado_bloque`) VALUES(273, '6', '14:30', '14:20', 1);
INSERT INTO `bloque_horario` (`id_bloque`, `dia_semana`, `hora_fin`, `hora_inicio`, `id_estado_bloque`) VALUES(274, '0', '14:40', '14:30', 1);
INSERT INTO `bloque_horario` (`id_bloque`, `dia_semana`, `hora_fin`, `hora_inicio`, `id_estado_bloque`) VALUES(275, '1', '14:40', '14:30', 1);
INSERT INTO `bloque_horario` (`id_bloque`, `dia_semana`, `hora_fin`, `hora_inicio`, `id_estado_bloque`) VALUES(276, '2', '14:40', '14:30', 1);
INSERT INTO `bloque_horario` (`id_bloque`, `dia_semana`, `hora_fin`, `hora_inicio`, `id_estado_bloque`) VALUES(277, '3', '14:40', '14:30', 1);
INSERT INTO `bloque_horario` (`id_bloque`, `dia_semana`, `hora_fin`, `hora_inicio`, `id_estado_bloque`) VALUES(278, '4', '14:40', '14:30', 1);
INSERT INTO `bloque_horario` (`id_bloque`, `dia_semana`, `hora_fin`, `hora_inicio`, `id_estado_bloque`) VALUES(279, '5', '14:40', '14:30', 1);
INSERT INTO `bloque_horario` (`id_bloque`, `dia_semana`, `hora_fin`, `hora_inicio`, `id_estado_bloque`) VALUES(280, '6', '14:40', '14:30', 1);
INSERT INTO `bloque_horario` (`id_bloque`, `dia_semana`, `hora_fin`, `hora_inicio`, `id_estado_bloque`) VALUES(281, '0', '14:50', '14:40', 1);
INSERT INTO `bloque_horario` (`id_bloque`, `dia_semana`, `hora_fin`, `hora_inicio`, `id_estado_bloque`) VALUES(282, '1', '14:50', '14:40', 1);
INSERT INTO `bloque_horario` (`id_bloque`, `dia_semana`, `hora_fin`, `hora_inicio`, `id_estado_bloque`) VALUES(283, '2', '14:50', '14:40', 1);
INSERT INTO `bloque_horario` (`id_bloque`, `dia_semana`, `hora_fin`, `hora_inicio`, `id_estado_bloque`) VALUES(284, '3', '14:50', '14:40', 1);
INSERT INTO `bloque_horario` (`id_bloque`, `dia_semana`, `hora_fin`, `hora_inicio`, `id_estado_bloque`) VALUES(285, '4', '14:50', '14:40', 1);
INSERT INTO `bloque_horario` (`id_bloque`, `dia_semana`, `hora_fin`, `hora_inicio`, `id_estado_bloque`) VALUES(286, '5', '14:50', '14:40', 1);
INSERT INTO `bloque_horario` (`id_bloque`, `dia_semana`, `hora_fin`, `hora_inicio`, `id_estado_bloque`) VALUES(287, '6', '14:50', '14:40', 1);
INSERT INTO `bloque_horario` (`id_bloque`, `dia_semana`, `hora_fin`, `hora_inicio`, `id_estado_bloque`) VALUES(288, '0', '15:00', '14:50', 1);
INSERT INTO `bloque_horario` (`id_bloque`, `dia_semana`, `hora_fin`, `hora_inicio`, `id_estado_bloque`) VALUES(289, '1', '15:00', '14:50', 1);
INSERT INTO `bloque_horario` (`id_bloque`, `dia_semana`, `hora_fin`, `hora_inicio`, `id_estado_bloque`) VALUES(290, '2', '15:00', '14:50', 1);
INSERT INTO `bloque_horario` (`id_bloque`, `dia_semana`, `hora_fin`, `hora_inicio`, `id_estado_bloque`) VALUES(291, '3', '15:00', '14:50', 1);
INSERT INTO `bloque_horario` (`id_bloque`, `dia_semana`, `hora_fin`, `hora_inicio`, `id_estado_bloque`) VALUES(292, '4', '15:00', '14:50', 1);
INSERT INTO `bloque_horario` (`id_bloque`, `dia_semana`, `hora_fin`, `hora_inicio`, `id_estado_bloque`) VALUES(293, '5', '15:00', '14:50', 1);
INSERT INTO `bloque_horario` (`id_bloque`, `dia_semana`, `hora_fin`, `hora_inicio`, `id_estado_bloque`) VALUES(294, '6', '15:00', '14:50', 1);
INSERT INTO `bloque_horario` (`id_bloque`, `dia_semana`, `hora_fin`, `hora_inicio`, `id_estado_bloque`) VALUES(295, '0', '15:10', '15:00', 1);
INSERT INTO `bloque_horario` (`id_bloque`, `dia_semana`, `hora_fin`, `hora_inicio`, `id_estado_bloque`) VALUES(296, '1', '15:10', '15:00', 1);
INSERT INTO `bloque_horario` (`id_bloque`, `dia_semana`, `hora_fin`, `hora_inicio`, `id_estado_bloque`) VALUES(297, '2', '15:10', '15:00', 1);
INSERT INTO `bloque_horario` (`id_bloque`, `dia_semana`, `hora_fin`, `hora_inicio`, `id_estado_bloque`) VALUES(298, '3', '15:10', '15:00', 1);
INSERT INTO `bloque_horario` (`id_bloque`, `dia_semana`, `hora_fin`, `hora_inicio`, `id_estado_bloque`) VALUES(299, '4', '15:10', '15:00', 1);
INSERT INTO `bloque_horario` (`id_bloque`, `dia_semana`, `hora_fin`, `hora_inicio`, `id_estado_bloque`) VALUES(300, '5', '15:10', '15:00', 1);
INSERT INTO `bloque_horario` (`id_bloque`, `dia_semana`, `hora_fin`, `hora_inicio`, `id_estado_bloque`) VALUES(301, '6', '15:10', '15:00', 1);
INSERT INTO `bloque_horario` (`id_bloque`, `dia_semana`, `hora_fin`, `hora_inicio`, `id_estado_bloque`) VALUES(302, '0', '15:20', '15:10', 1);
INSERT INTO `bloque_horario` (`id_bloque`, `dia_semana`, `hora_fin`, `hora_inicio`, `id_estado_bloque`) VALUES(303, '1', '15:20', '15:10', 1);
INSERT INTO `bloque_horario` (`id_bloque`, `dia_semana`, `hora_fin`, `hora_inicio`, `id_estado_bloque`) VALUES(304, '2', '15:20', '15:10', 1);
INSERT INTO `bloque_horario` (`id_bloque`, `dia_semana`, `hora_fin`, `hora_inicio`, `id_estado_bloque`) VALUES(305, '3', '15:20', '15:10', 1);
INSERT INTO `bloque_horario` (`id_bloque`, `dia_semana`, `hora_fin`, `hora_inicio`, `id_estado_bloque`) VALUES(306, '4', '15:20', '15:10', 1);
INSERT INTO `bloque_horario` (`id_bloque`, `dia_semana`, `hora_fin`, `hora_inicio`, `id_estado_bloque`) VALUES(307, '5', '15:20', '15:10', 1);
INSERT INTO `bloque_horario` (`id_bloque`, `dia_semana`, `hora_fin`, `hora_inicio`, `id_estado_bloque`) VALUES(308, '6', '15:20', '15:10', 1);
INSERT INTO `bloque_horario` (`id_bloque`, `dia_semana`, `hora_fin`, `hora_inicio`, `id_estado_bloque`) VALUES(309, '0', '15:30', '15:20', 1);
INSERT INTO `bloque_horario` (`id_bloque`, `dia_semana`, `hora_fin`, `hora_inicio`, `id_estado_bloque`) VALUES(310, '1', '15:30', '15:20', 1);
INSERT INTO `bloque_horario` (`id_bloque`, `dia_semana`, `hora_fin`, `hora_inicio`, `id_estado_bloque`) VALUES(311, '2', '15:30', '15:20', 1);
INSERT INTO `bloque_horario` (`id_bloque`, `dia_semana`, `hora_fin`, `hora_inicio`, `id_estado_bloque`) VALUES(312, '3', '15:30', '15:20', 1);
INSERT INTO `bloque_horario` (`id_bloque`, `dia_semana`, `hora_fin`, `hora_inicio`, `id_estado_bloque`) VALUES(313, '4', '15:30', '15:20', 1);
INSERT INTO `bloque_horario` (`id_bloque`, `dia_semana`, `hora_fin`, `hora_inicio`, `id_estado_bloque`) VALUES(314, '5', '15:30', '15:20', 1);
INSERT INTO `bloque_horario` (`id_bloque`, `dia_semana`, `hora_fin`, `hora_inicio`, `id_estado_bloque`) VALUES(315, '6', '15:30', '15:20', 1);
INSERT INTO `bloque_horario` (`id_bloque`, `dia_semana`, `hora_fin`, `hora_inicio`, `id_estado_bloque`) VALUES(316, '0', '15:40', '15:30', 1);
INSERT INTO `bloque_horario` (`id_bloque`, `dia_semana`, `hora_fin`, `hora_inicio`, `id_estado_bloque`) VALUES(317, '1', '15:40', '15:30', 1);
INSERT INTO `bloque_horario` (`id_bloque`, `dia_semana`, `hora_fin`, `hora_inicio`, `id_estado_bloque`) VALUES(318, '2', '15:40', '15:30', 1);
INSERT INTO `bloque_horario` (`id_bloque`, `dia_semana`, `hora_fin`, `hora_inicio`, `id_estado_bloque`) VALUES(319, '3', '15:40', '15:30', 1);
INSERT INTO `bloque_horario` (`id_bloque`, `dia_semana`, `hora_fin`, `hora_inicio`, `id_estado_bloque`) VALUES(320, '4', '15:40', '15:30', 1);
INSERT INTO `bloque_horario` (`id_bloque`, `dia_semana`, `hora_fin`, `hora_inicio`, `id_estado_bloque`) VALUES(321, '5', '15:40', '15:30', 1);
INSERT INTO `bloque_horario` (`id_bloque`, `dia_semana`, `hora_fin`, `hora_inicio`, `id_estado_bloque`) VALUES(322, '6', '15:40', '15:30', 1);
INSERT INTO `bloque_horario` (`id_bloque`, `dia_semana`, `hora_fin`, `hora_inicio`, `id_estado_bloque`) VALUES(323, '0', '15:50', '15:40', 1);
INSERT INTO `bloque_horario` (`id_bloque`, `dia_semana`, `hora_fin`, `hora_inicio`, `id_estado_bloque`) VALUES(324, '1', '15:50', '15:40', 1);
INSERT INTO `bloque_horario` (`id_bloque`, `dia_semana`, `hora_fin`, `hora_inicio`, `id_estado_bloque`) VALUES(325, '2', '15:50', '15:40', 1);
INSERT INTO `bloque_horario` (`id_bloque`, `dia_semana`, `hora_fin`, `hora_inicio`, `id_estado_bloque`) VALUES(326, '3', '15:50', '15:40', 1);
INSERT INTO `bloque_horario` (`id_bloque`, `dia_semana`, `hora_fin`, `hora_inicio`, `id_estado_bloque`) VALUES(327, '4', '15:50', '15:40', 1);
INSERT INTO `bloque_horario` (`id_bloque`, `dia_semana`, `hora_fin`, `hora_inicio`, `id_estado_bloque`) VALUES(328, '5', '15:50', '15:40', 1);
INSERT INTO `bloque_horario` (`id_bloque`, `dia_semana`, `hora_fin`, `hora_inicio`, `id_estado_bloque`) VALUES(329, '6', '15:50', '15:40', 1);
INSERT INTO `bloque_horario` (`id_bloque`, `dia_semana`, `hora_fin`, `hora_inicio`, `id_estado_bloque`) VALUES(330, '0', '16:00', '15:50', 1);
INSERT INTO `bloque_horario` (`id_bloque`, `dia_semana`, `hora_fin`, `hora_inicio`, `id_estado_bloque`) VALUES(331, '1', '16:00', '15:50', 1);
INSERT INTO `bloque_horario` (`id_bloque`, `dia_semana`, `hora_fin`, `hora_inicio`, `id_estado_bloque`) VALUES(332, '2', '16:00', '15:50', 1);
INSERT INTO `bloque_horario` (`id_bloque`, `dia_semana`, `hora_fin`, `hora_inicio`, `id_estado_bloque`) VALUES(333, '3', '16:00', '15:50', 1);
INSERT INTO `bloque_horario` (`id_bloque`, `dia_semana`, `hora_fin`, `hora_inicio`, `id_estado_bloque`) VALUES(334, '4', '16:00', '15:50', 1);
INSERT INTO `bloque_horario` (`id_bloque`, `dia_semana`, `hora_fin`, `hora_inicio`, `id_estado_bloque`) VALUES(335, '5', '16:00', '15:50', 1);
INSERT INTO `bloque_horario` (`id_bloque`, `dia_semana`, `hora_fin`, `hora_inicio`, `id_estado_bloque`) VALUES(336, '6', '16:00', '15:50', 1);
INSERT INTO `bloque_horario` (`id_bloque`, `dia_semana`, `hora_fin`, `hora_inicio`, `id_estado_bloque`) VALUES(337, '0', '16:10', '16:00', 1);
INSERT INTO `bloque_horario` (`id_bloque`, `dia_semana`, `hora_fin`, `hora_inicio`, `id_estado_bloque`) VALUES(338, '1', '16:10', '16:00', 1);
INSERT INTO `bloque_horario` (`id_bloque`, `dia_semana`, `hora_fin`, `hora_inicio`, `id_estado_bloque`) VALUES(339, '2', '16:10', '16:00', 1);
INSERT INTO `bloque_horario` (`id_bloque`, `dia_semana`, `hora_fin`, `hora_inicio`, `id_estado_bloque`) VALUES(340, '3', '16:10', '16:00', 1);
INSERT INTO `bloque_horario` (`id_bloque`, `dia_semana`, `hora_fin`, `hora_inicio`, `id_estado_bloque`) VALUES(341, '4', '16:10', '16:00', 1);
INSERT INTO `bloque_horario` (`id_bloque`, `dia_semana`, `hora_fin`, `hora_inicio`, `id_estado_bloque`) VALUES(342, '5', '16:10', '16:00', 1);
INSERT INTO `bloque_horario` (`id_bloque`, `dia_semana`, `hora_fin`, `hora_inicio`, `id_estado_bloque`) VALUES(343, '6', '16:10', '16:00', 1);
INSERT INTO `bloque_horario` (`id_bloque`, `dia_semana`, `hora_fin`, `hora_inicio`, `id_estado_bloque`) VALUES(344, '0', '16:20', '16:10', 1);
INSERT INTO `bloque_horario` (`id_bloque`, `dia_semana`, `hora_fin`, `hora_inicio`, `id_estado_bloque`) VALUES(345, '1', '16:20', '16:10', 1);
INSERT INTO `bloque_horario` (`id_bloque`, `dia_semana`, `hora_fin`, `hora_inicio`, `id_estado_bloque`) VALUES(346, '2', '16:20', '16:10', 1);
INSERT INTO `bloque_horario` (`id_bloque`, `dia_semana`, `hora_fin`, `hora_inicio`, `id_estado_bloque`) VALUES(347, '3', '16:20', '16:10', 1);
INSERT INTO `bloque_horario` (`id_bloque`, `dia_semana`, `hora_fin`, `hora_inicio`, `id_estado_bloque`) VALUES(348, '4', '16:20', '16:10', 1);
INSERT INTO `bloque_horario` (`id_bloque`, `dia_semana`, `hora_fin`, `hora_inicio`, `id_estado_bloque`) VALUES(349, '5', '16:20', '16:10', 1);
INSERT INTO `bloque_horario` (`id_bloque`, `dia_semana`, `hora_fin`, `hora_inicio`, `id_estado_bloque`) VALUES(350, '6', '16:20', '16:10', 1);
INSERT INTO `bloque_horario` (`id_bloque`, `dia_semana`, `hora_fin`, `hora_inicio`, `id_estado_bloque`) VALUES(351, '0', '16:30', '16:20', 1);
INSERT INTO `bloque_horario` (`id_bloque`, `dia_semana`, `hora_fin`, `hora_inicio`, `id_estado_bloque`) VALUES(352, '1', '16:30', '16:20', 1);
INSERT INTO `bloque_horario` (`id_bloque`, `dia_semana`, `hora_fin`, `hora_inicio`, `id_estado_bloque`) VALUES(353, '2', '16:30', '16:20', 1);
INSERT INTO `bloque_horario` (`id_bloque`, `dia_semana`, `hora_fin`, `hora_inicio`, `id_estado_bloque`) VALUES(354, '3', '16:30', '16:20', 1);
INSERT INTO `bloque_horario` (`id_bloque`, `dia_semana`, `hora_fin`, `hora_inicio`, `id_estado_bloque`) VALUES(355, '4', '16:30', '16:20', 1);
INSERT INTO `bloque_horario` (`id_bloque`, `dia_semana`, `hora_fin`, `hora_inicio`, `id_estado_bloque`) VALUES(356, '5', '16:30', '16:20', 1);
INSERT INTO `bloque_horario` (`id_bloque`, `dia_semana`, `hora_fin`, `hora_inicio`, `id_estado_bloque`) VALUES(357, '6', '16:30', '16:20', 1);
INSERT INTO `bloque_horario` (`id_bloque`, `dia_semana`, `hora_fin`, `hora_inicio`, `id_estado_bloque`) VALUES(358, '0', '16:40', '16:30', 1);
INSERT INTO `bloque_horario` (`id_bloque`, `dia_semana`, `hora_fin`, `hora_inicio`, `id_estado_bloque`) VALUES(359, '1', '16:40', '16:30', 1);
INSERT INTO `bloque_horario` (`id_bloque`, `dia_semana`, `hora_fin`, `hora_inicio`, `id_estado_bloque`) VALUES(360, '2', '16:40', '16:30', 1);
INSERT INTO `bloque_horario` (`id_bloque`, `dia_semana`, `hora_fin`, `hora_inicio`, `id_estado_bloque`) VALUES(361, '3', '16:40', '16:30', 1);
INSERT INTO `bloque_horario` (`id_bloque`, `dia_semana`, `hora_fin`, `hora_inicio`, `id_estado_bloque`) VALUES(362, '4', '16:40', '16:30', 1);
INSERT INTO `bloque_horario` (`id_bloque`, `dia_semana`, `hora_fin`, `hora_inicio`, `id_estado_bloque`) VALUES(363, '5', '16:40', '16:30', 1);
INSERT INTO `bloque_horario` (`id_bloque`, `dia_semana`, `hora_fin`, `hora_inicio`, `id_estado_bloque`) VALUES(364, '6', '16:40', '16:30', 1);
INSERT INTO `bloque_horario` (`id_bloque`, `dia_semana`, `hora_fin`, `hora_inicio`, `id_estado_bloque`) VALUES(365, '0', '16:50', '16:40', 1);
INSERT INTO `bloque_horario` (`id_bloque`, `dia_semana`, `hora_fin`, `hora_inicio`, `id_estado_bloque`) VALUES(366, '1', '16:50', '16:40', 1);
INSERT INTO `bloque_horario` (`id_bloque`, `dia_semana`, `hora_fin`, `hora_inicio`, `id_estado_bloque`) VALUES(367, '2', '16:50', '16:40', 1);
INSERT INTO `bloque_horario` (`id_bloque`, `dia_semana`, `hora_fin`, `hora_inicio`, `id_estado_bloque`) VALUES(368, '3', '16:50', '16:40', 1);
INSERT INTO `bloque_horario` (`id_bloque`, `dia_semana`, `hora_fin`, `hora_inicio`, `id_estado_bloque`) VALUES(369, '4', '16:50', '16:40', 1);
INSERT INTO `bloque_horario` (`id_bloque`, `dia_semana`, `hora_fin`, `hora_inicio`, `id_estado_bloque`) VALUES(370, '5', '16:50', '16:40', 1);
INSERT INTO `bloque_horario` (`id_bloque`, `dia_semana`, `hora_fin`, `hora_inicio`, `id_estado_bloque`) VALUES(371, '6', '16:50', '16:40', 1);
INSERT INTO `bloque_horario` (`id_bloque`, `dia_semana`, `hora_fin`, `hora_inicio`, `id_estado_bloque`) VALUES(372, '0', '17:00', '16:50', 1);
INSERT INTO `bloque_horario` (`id_bloque`, `dia_semana`, `hora_fin`, `hora_inicio`, `id_estado_bloque`) VALUES(373, '1', '17:00', '16:50', 1);
INSERT INTO `bloque_horario` (`id_bloque`, `dia_semana`, `hora_fin`, `hora_inicio`, `id_estado_bloque`) VALUES(374, '2', '17:00', '16:50', 1);
INSERT INTO `bloque_horario` (`id_bloque`, `dia_semana`, `hora_fin`, `hora_inicio`, `id_estado_bloque`) VALUES(375, '3', '17:00', '16:50', 1);
INSERT INTO `bloque_horario` (`id_bloque`, `dia_semana`, `hora_fin`, `hora_inicio`, `id_estado_bloque`) VALUES(376, '4', '17:00', '16:50', 1);
INSERT INTO `bloque_horario` (`id_bloque`, `dia_semana`, `hora_fin`, `hora_inicio`, `id_estado_bloque`) VALUES(377, '5', '17:00', '16:50', 1);
INSERT INTO `bloque_horario` (`id_bloque`, `dia_semana`, `hora_fin`, `hora_inicio`, `id_estado_bloque`) VALUES(378, '6', '17:00', '16:50', 1);
INSERT INTO `bloque_horario` (`id_bloque`, `dia_semana`, `hora_fin`, `hora_inicio`, `id_estado_bloque`) VALUES(379, '0', '17:10', '17:00', 1);
INSERT INTO `bloque_horario` (`id_bloque`, `dia_semana`, `hora_fin`, `hora_inicio`, `id_estado_bloque`) VALUES(380, '1', '17:10', '17:00', 1);
INSERT INTO `bloque_horario` (`id_bloque`, `dia_semana`, `hora_fin`, `hora_inicio`, `id_estado_bloque`) VALUES(381, '2', '17:10', '17:00', 1);
INSERT INTO `bloque_horario` (`id_bloque`, `dia_semana`, `hora_fin`, `hora_inicio`, `id_estado_bloque`) VALUES(382, '3', '17:10', '17:00', 1);
INSERT INTO `bloque_horario` (`id_bloque`, `dia_semana`, `hora_fin`, `hora_inicio`, `id_estado_bloque`) VALUES(383, '4', '17:10', '17:00', 1);
INSERT INTO `bloque_horario` (`id_bloque`, `dia_semana`, `hora_fin`, `hora_inicio`, `id_estado_bloque`) VALUES(384, '5', '17:10', '17:00', 1);
INSERT INTO `bloque_horario` (`id_bloque`, `dia_semana`, `hora_fin`, `hora_inicio`, `id_estado_bloque`) VALUES(385, '6', '17:10', '17:00', 1);
INSERT INTO `bloque_horario` (`id_bloque`, `dia_semana`, `hora_fin`, `hora_inicio`, `id_estado_bloque`) VALUES(386, '0', '17:20', '17:10', 1);
INSERT INTO `bloque_horario` (`id_bloque`, `dia_semana`, `hora_fin`, `hora_inicio`, `id_estado_bloque`) VALUES(387, '1', '17:20', '17:10', 1);
INSERT INTO `bloque_horario` (`id_bloque`, `dia_semana`, `hora_fin`, `hora_inicio`, `id_estado_bloque`) VALUES(388, '2', '17:20', '17:10', 1);
INSERT INTO `bloque_horario` (`id_bloque`, `dia_semana`, `hora_fin`, `hora_inicio`, `id_estado_bloque`) VALUES(389, '3', '17:20', '17:10', 1);
INSERT INTO `bloque_horario` (`id_bloque`, `dia_semana`, `hora_fin`, `hora_inicio`, `id_estado_bloque`) VALUES(390, '4', '17:20', '17:10', 1);
INSERT INTO `bloque_horario` (`id_bloque`, `dia_semana`, `hora_fin`, `hora_inicio`, `id_estado_bloque`) VALUES(391, '5', '17:20', '17:10', 1);
INSERT INTO `bloque_horario` (`id_bloque`, `dia_semana`, `hora_fin`, `hora_inicio`, `id_estado_bloque`) VALUES(392, '6', '17:20', '17:10', 1);
INSERT INTO `bloque_horario` (`id_bloque`, `dia_semana`, `hora_fin`, `hora_inicio`, `id_estado_bloque`) VALUES(393, '0', '17:30', '17:20', 1);
INSERT INTO `bloque_horario` (`id_bloque`, `dia_semana`, `hora_fin`, `hora_inicio`, `id_estado_bloque`) VALUES(394, '1', '17:30', '17:20', 1);
INSERT INTO `bloque_horario` (`id_bloque`, `dia_semana`, `hora_fin`, `hora_inicio`, `id_estado_bloque`) VALUES(395, '2', '17:30', '17:20', 1);
INSERT INTO `bloque_horario` (`id_bloque`, `dia_semana`, `hora_fin`, `hora_inicio`, `id_estado_bloque`) VALUES(396, '3', '17:30', '17:20', 1);
INSERT INTO `bloque_horario` (`id_bloque`, `dia_semana`, `hora_fin`, `hora_inicio`, `id_estado_bloque`) VALUES(397, '4', '17:30', '17:20', 1);
INSERT INTO `bloque_horario` (`id_bloque`, `dia_semana`, `hora_fin`, `hora_inicio`, `id_estado_bloque`) VALUES(398, '5', '17:30', '17:20', 1);
INSERT INTO `bloque_horario` (`id_bloque`, `dia_semana`, `hora_fin`, `hora_inicio`, `id_estado_bloque`) VALUES(399, '6', '17:30', '17:20', 1);
INSERT INTO `bloque_horario` (`id_bloque`, `dia_semana`, `hora_fin`, `hora_inicio`, `id_estado_bloque`) VALUES(400, '0', '17:40', '17:30', 1);
INSERT INTO `bloque_horario` (`id_bloque`, `dia_semana`, `hora_fin`, `hora_inicio`, `id_estado_bloque`) VALUES(401, '1', '17:40', '17:30', 1);
INSERT INTO `bloque_horario` (`id_bloque`, `dia_semana`, `hora_fin`, `hora_inicio`, `id_estado_bloque`) VALUES(402, '2', '17:40', '17:30', 1);
INSERT INTO `bloque_horario` (`id_bloque`, `dia_semana`, `hora_fin`, `hora_inicio`, `id_estado_bloque`) VALUES(403, '3', '17:40', '17:30', 1);
INSERT INTO `bloque_horario` (`id_bloque`, `dia_semana`, `hora_fin`, `hora_inicio`, `id_estado_bloque`) VALUES(404, '4', '17:40', '17:30', 1);
INSERT INTO `bloque_horario` (`id_bloque`, `dia_semana`, `hora_fin`, `hora_inicio`, `id_estado_bloque`) VALUES(405, '5', '17:40', '17:30', 1);
INSERT INTO `bloque_horario` (`id_bloque`, `dia_semana`, `hora_fin`, `hora_inicio`, `id_estado_bloque`) VALUES(406, '6', '17:40', '17:30', 1);
INSERT INTO `bloque_horario` (`id_bloque`, `dia_semana`, `hora_fin`, `hora_inicio`, `id_estado_bloque`) VALUES(407, '0', '17:50', '17:40', 1);
INSERT INTO `bloque_horario` (`id_bloque`, `dia_semana`, `hora_fin`, `hora_inicio`, `id_estado_bloque`) VALUES(408, '1', '17:50', '17:40', 1);
INSERT INTO `bloque_horario` (`id_bloque`, `dia_semana`, `hora_fin`, `hora_inicio`, `id_estado_bloque`) VALUES(409, '2', '17:50', '17:40', 1);
INSERT INTO `bloque_horario` (`id_bloque`, `dia_semana`, `hora_fin`, `hora_inicio`, `id_estado_bloque`) VALUES(410, '3', '17:50', '17:40', 1);
INSERT INTO `bloque_horario` (`id_bloque`, `dia_semana`, `hora_fin`, `hora_inicio`, `id_estado_bloque`) VALUES(411, '4', '17:50', '17:40', 1);
INSERT INTO `bloque_horario` (`id_bloque`, `dia_semana`, `hora_fin`, `hora_inicio`, `id_estado_bloque`) VALUES(412, '5', '17:50', '17:40', 1);
INSERT INTO `bloque_horario` (`id_bloque`, `dia_semana`, `hora_fin`, `hora_inicio`, `id_estado_bloque`) VALUES(413, '6', '17:50', '17:40', 1);
INSERT INTO `bloque_horario` (`id_bloque`, `dia_semana`, `hora_fin`, `hora_inicio`, `id_estado_bloque`) VALUES(414, '0', '18:00', '17:50', 1);
INSERT INTO `bloque_horario` (`id_bloque`, `dia_semana`, `hora_fin`, `hora_inicio`, `id_estado_bloque`) VALUES(415, '1', '18:00', '17:50', 1);
INSERT INTO `bloque_horario` (`id_bloque`, `dia_semana`, `hora_fin`, `hora_inicio`, `id_estado_bloque`) VALUES(416, '2', '18:00', '17:50', 1);
INSERT INTO `bloque_horario` (`id_bloque`, `dia_semana`, `hora_fin`, `hora_inicio`, `id_estado_bloque`) VALUES(417, '3', '18:00', '17:50', 1);
INSERT INTO `bloque_horario` (`id_bloque`, `dia_semana`, `hora_fin`, `hora_inicio`, `id_estado_bloque`) VALUES(418, '4', '18:00', '17:50', 1);
INSERT INTO `bloque_horario` (`id_bloque`, `dia_semana`, `hora_fin`, `hora_inicio`, `id_estado_bloque`) VALUES(419, '5', '18:00', '17:50', 1);
INSERT INTO `bloque_horario` (`id_bloque`, `dia_semana`, `hora_fin`, `hora_inicio`, `id_estado_bloque`) VALUES(420, '6', '18:00', '17:50', 1);
INSERT INTO `bloque_horario` (`id_bloque`, `dia_semana`, `hora_fin`, `hora_inicio`, `id_estado_bloque`) VALUES(421, '0', '18:10', '18:00', 1);
INSERT INTO `bloque_horario` (`id_bloque`, `dia_semana`, `hora_fin`, `hora_inicio`, `id_estado_bloque`) VALUES(422, '1', '18:10', '18:00', 1);
INSERT INTO `bloque_horario` (`id_bloque`, `dia_semana`, `hora_fin`, `hora_inicio`, `id_estado_bloque`) VALUES(423, '2', '18:10', '18:00', 1);
INSERT INTO `bloque_horario` (`id_bloque`, `dia_semana`, `hora_fin`, `hora_inicio`, `id_estado_bloque`) VALUES(424, '3', '18:10', '18:00', 1);
INSERT INTO `bloque_horario` (`id_bloque`, `dia_semana`, `hora_fin`, `hora_inicio`, `id_estado_bloque`) VALUES(425, '4', '18:10', '18:00', 1);
INSERT INTO `bloque_horario` (`id_bloque`, `dia_semana`, `hora_fin`, `hora_inicio`, `id_estado_bloque`) VALUES(426, '5', '18:10', '18:00', 1);
INSERT INTO `bloque_horario` (`id_bloque`, `dia_semana`, `hora_fin`, `hora_inicio`, `id_estado_bloque`) VALUES(427, '6', '18:10', '18:00', 1);
INSERT INTO `bloque_horario` (`id_bloque`, `dia_semana`, `hora_fin`, `hora_inicio`, `id_estado_bloque`) VALUES(428, '0', '18:20', '18:10', 1);
INSERT INTO `bloque_horario` (`id_bloque`, `dia_semana`, `hora_fin`, `hora_inicio`, `id_estado_bloque`) VALUES(429, '1', '18:20', '18:10', 1);
INSERT INTO `bloque_horario` (`id_bloque`, `dia_semana`, `hora_fin`, `hora_inicio`, `id_estado_bloque`) VALUES(430, '2', '18:20', '18:10', 1);
INSERT INTO `bloque_horario` (`id_bloque`, `dia_semana`, `hora_fin`, `hora_inicio`, `id_estado_bloque`) VALUES(431, '3', '18:20', '18:10', 1);
INSERT INTO `bloque_horario` (`id_bloque`, `dia_semana`, `hora_fin`, `hora_inicio`, `id_estado_bloque`) VALUES(432, '4', '18:20', '18:10', 1);
INSERT INTO `bloque_horario` (`id_bloque`, `dia_semana`, `hora_fin`, `hora_inicio`, `id_estado_bloque`) VALUES(433, '5', '18:20', '18:10', 1);
INSERT INTO `bloque_horario` (`id_bloque`, `dia_semana`, `hora_fin`, `hora_inicio`, `id_estado_bloque`) VALUES(434, '6', '18:20', '18:10', 1);
INSERT INTO `bloque_horario` (`id_bloque`, `dia_semana`, `hora_fin`, `hora_inicio`, `id_estado_bloque`) VALUES(435, '0', '18:30', '18:20', 1);
INSERT INTO `bloque_horario` (`id_bloque`, `dia_semana`, `hora_fin`, `hora_inicio`, `id_estado_bloque`) VALUES(436, '1', '18:30', '18:20', 1);
INSERT INTO `bloque_horario` (`id_bloque`, `dia_semana`, `hora_fin`, `hora_inicio`, `id_estado_bloque`) VALUES(437, '2', '18:30', '18:20', 1);
INSERT INTO `bloque_horario` (`id_bloque`, `dia_semana`, `hora_fin`, `hora_inicio`, `id_estado_bloque`) VALUES(438, '3', '18:30', '18:20', 1);
INSERT INTO `bloque_horario` (`id_bloque`, `dia_semana`, `hora_fin`, `hora_inicio`, `id_estado_bloque`) VALUES(439, '4', '18:30', '18:20', 1);
INSERT INTO `bloque_horario` (`id_bloque`, `dia_semana`, `hora_fin`, `hora_inicio`, `id_estado_bloque`) VALUES(440, '5', '18:30', '18:20', 1);
INSERT INTO `bloque_horario` (`id_bloque`, `dia_semana`, `hora_fin`, `hora_inicio`, `id_estado_bloque`) VALUES(441, '6', '18:30', '18:20', 1);
INSERT INTO `bloque_horario` (`id_bloque`, `dia_semana`, `hora_fin`, `hora_inicio`, `id_estado_bloque`) VALUES(442, '0', '18:40', '18:30', 1);
INSERT INTO `bloque_horario` (`id_bloque`, `dia_semana`, `hora_fin`, `hora_inicio`, `id_estado_bloque`) VALUES(443, '1', '18:40', '18:30', 1);
INSERT INTO `bloque_horario` (`id_bloque`, `dia_semana`, `hora_fin`, `hora_inicio`, `id_estado_bloque`) VALUES(444, '2', '18:40', '18:30', 1);
INSERT INTO `bloque_horario` (`id_bloque`, `dia_semana`, `hora_fin`, `hora_inicio`, `id_estado_bloque`) VALUES(445, '3', '18:40', '18:30', 1);
INSERT INTO `bloque_horario` (`id_bloque`, `dia_semana`, `hora_fin`, `hora_inicio`, `id_estado_bloque`) VALUES(446, '4', '18:40', '18:30', 1);
INSERT INTO `bloque_horario` (`id_bloque`, `dia_semana`, `hora_fin`, `hora_inicio`, `id_estado_bloque`) VALUES(447, '5', '18:40', '18:30', 1);
INSERT INTO `bloque_horario` (`id_bloque`, `dia_semana`, `hora_fin`, `hora_inicio`, `id_estado_bloque`) VALUES(448, '6', '18:40', '18:30', 1);
INSERT INTO `bloque_horario` (`id_bloque`, `dia_semana`, `hora_fin`, `hora_inicio`, `id_estado_bloque`) VALUES(449, '0', '18:50', '18:40', 1);
INSERT INTO `bloque_horario` (`id_bloque`, `dia_semana`, `hora_fin`, `hora_inicio`, `id_estado_bloque`) VALUES(450, '1', '18:50', '18:40', 1);
INSERT INTO `bloque_horario` (`id_bloque`, `dia_semana`, `hora_fin`, `hora_inicio`, `id_estado_bloque`) VALUES(451, '2', '18:50', '18:40', 1);
INSERT INTO `bloque_horario` (`id_bloque`, `dia_semana`, `hora_fin`, `hora_inicio`, `id_estado_bloque`) VALUES(452, '3', '18:50', '18:40', 1);
INSERT INTO `bloque_horario` (`id_bloque`, `dia_semana`, `hora_fin`, `hora_inicio`, `id_estado_bloque`) VALUES(453, '4', '18:50', '18:40', 1);
INSERT INTO `bloque_horario` (`id_bloque`, `dia_semana`, `hora_fin`, `hora_inicio`, `id_estado_bloque`) VALUES(454, '5', '18:50', '18:40', 1);
INSERT INTO `bloque_horario` (`id_bloque`, `dia_semana`, `hora_fin`, `hora_inicio`, `id_estado_bloque`) VALUES(455, '6', '18:50', '18:40', 1);
INSERT INTO `bloque_horario` (`id_bloque`, `dia_semana`, `hora_fin`, `hora_inicio`, `id_estado_bloque`) VALUES(456, '0', '19:00', '18:50', 1);
INSERT INTO `bloque_horario` (`id_bloque`, `dia_semana`, `hora_fin`, `hora_inicio`, `id_estado_bloque`) VALUES(457, '1', '19:00', '18:50', 1);
INSERT INTO `bloque_horario` (`id_bloque`, `dia_semana`, `hora_fin`, `hora_inicio`, `id_estado_bloque`) VALUES(458, '2', '19:00', '18:50', 1);
INSERT INTO `bloque_horario` (`id_bloque`, `dia_semana`, `hora_fin`, `hora_inicio`, `id_estado_bloque`) VALUES(459, '3', '19:00', '18:50', 1);
INSERT INTO `bloque_horario` (`id_bloque`, `dia_semana`, `hora_fin`, `hora_inicio`, `id_estado_bloque`) VALUES(460, '4', '19:00', '18:50', 1);
INSERT INTO `bloque_horario` (`id_bloque`, `dia_semana`, `hora_fin`, `hora_inicio`, `id_estado_bloque`) VALUES(461, '5', '19:00', '18:50', 1);
INSERT INTO `bloque_horario` (`id_bloque`, `dia_semana`, `hora_fin`, `hora_inicio`, `id_estado_bloque`) VALUES(462, '6', '19:00', '18:50', 1);
INSERT INTO `bloque_horario` (`id_bloque`, `dia_semana`, `hora_fin`, `hora_inicio`, `id_estado_bloque`) VALUES(463, '0', '19:10', '19:00', 1);
INSERT INTO `bloque_horario` (`id_bloque`, `dia_semana`, `hora_fin`, `hora_inicio`, `id_estado_bloque`) VALUES(464, '1', '19:10', '19:00', 1);
INSERT INTO `bloque_horario` (`id_bloque`, `dia_semana`, `hora_fin`, `hora_inicio`, `id_estado_bloque`) VALUES(465, '2', '19:10', '19:00', 1);
INSERT INTO `bloque_horario` (`id_bloque`, `dia_semana`, `hora_fin`, `hora_inicio`, `id_estado_bloque`) VALUES(466, '3', '19:10', '19:00', 1);
INSERT INTO `bloque_horario` (`id_bloque`, `dia_semana`, `hora_fin`, `hora_inicio`, `id_estado_bloque`) VALUES(467, '4', '19:10', '19:00', 1);
INSERT INTO `bloque_horario` (`id_bloque`, `dia_semana`, `hora_fin`, `hora_inicio`, `id_estado_bloque`) VALUES(468, '5', '19:10', '19:00', 1);
INSERT INTO `bloque_horario` (`id_bloque`, `dia_semana`, `hora_fin`, `hora_inicio`, `id_estado_bloque`) VALUES(469, '6', '19:10', '19:00', 1);
INSERT INTO `bloque_horario` (`id_bloque`, `dia_semana`, `hora_fin`, `hora_inicio`, `id_estado_bloque`) VALUES(470, '0', '19:20', '19:10', 1);
INSERT INTO `bloque_horario` (`id_bloque`, `dia_semana`, `hora_fin`, `hora_inicio`, `id_estado_bloque`) VALUES(471, '1', '19:20', '19:10', 1);
INSERT INTO `bloque_horario` (`id_bloque`, `dia_semana`, `hora_fin`, `hora_inicio`, `id_estado_bloque`) VALUES(472, '2', '19:20', '19:10', 1);
INSERT INTO `bloque_horario` (`id_bloque`, `dia_semana`, `hora_fin`, `hora_inicio`, `id_estado_bloque`) VALUES(473, '3', '19:20', '19:10', 1);
INSERT INTO `bloque_horario` (`id_bloque`, `dia_semana`, `hora_fin`, `hora_inicio`, `id_estado_bloque`) VALUES(474, '4', '19:20', '19:10', 1);
INSERT INTO `bloque_horario` (`id_bloque`, `dia_semana`, `hora_fin`, `hora_inicio`, `id_estado_bloque`) VALUES(475, '5', '19:20', '19:10', 1);
INSERT INTO `bloque_horario` (`id_bloque`, `dia_semana`, `hora_fin`, `hora_inicio`, `id_estado_bloque`) VALUES(476, '6', '19:20', '19:10', 1);
INSERT INTO `bloque_horario` (`id_bloque`, `dia_semana`, `hora_fin`, `hora_inicio`, `id_estado_bloque`) VALUES(477, '0', '19:30', '19:20', 1);
INSERT INTO `bloque_horario` (`id_bloque`, `dia_semana`, `hora_fin`, `hora_inicio`, `id_estado_bloque`) VALUES(478, '1', '19:30', '19:20', 1);
INSERT INTO `bloque_horario` (`id_bloque`, `dia_semana`, `hora_fin`, `hora_inicio`, `id_estado_bloque`) VALUES(479, '2', '19:30', '19:20', 1);
INSERT INTO `bloque_horario` (`id_bloque`, `dia_semana`, `hora_fin`, `hora_inicio`, `id_estado_bloque`) VALUES(480, '3', '19:30', '19:20', 1);
INSERT INTO `bloque_horario` (`id_bloque`, `dia_semana`, `hora_fin`, `hora_inicio`, `id_estado_bloque`) VALUES(481, '4', '19:30', '19:20', 1);
INSERT INTO `bloque_horario` (`id_bloque`, `dia_semana`, `hora_fin`, `hora_inicio`, `id_estado_bloque`) VALUES(482, '5', '19:30', '19:20', 1);
INSERT INTO `bloque_horario` (`id_bloque`, `dia_semana`, `hora_fin`, `hora_inicio`, `id_estado_bloque`) VALUES(483, '6', '19:30', '19:20', 1);
INSERT INTO `bloque_horario` (`id_bloque`, `dia_semana`, `hora_fin`, `hora_inicio`, `id_estado_bloque`) VALUES(484, '0', '19:40', '19:30', 1);
INSERT INTO `bloque_horario` (`id_bloque`, `dia_semana`, `hora_fin`, `hora_inicio`, `id_estado_bloque`) VALUES(485, '1', '19:40', '19:30', 1);
INSERT INTO `bloque_horario` (`id_bloque`, `dia_semana`, `hora_fin`, `hora_inicio`, `id_estado_bloque`) VALUES(486, '2', '19:40', '19:30', 1);
INSERT INTO `bloque_horario` (`id_bloque`, `dia_semana`, `hora_fin`, `hora_inicio`, `id_estado_bloque`) VALUES(487, '3', '19:40', '19:30', 1);
INSERT INTO `bloque_horario` (`id_bloque`, `dia_semana`, `hora_fin`, `hora_inicio`, `id_estado_bloque`) VALUES(488, '4', '19:40', '19:30', 1);
INSERT INTO `bloque_horario` (`id_bloque`, `dia_semana`, `hora_fin`, `hora_inicio`, `id_estado_bloque`) VALUES(489, '5', '19:40', '19:30', 1);
INSERT INTO `bloque_horario` (`id_bloque`, `dia_semana`, `hora_fin`, `hora_inicio`, `id_estado_bloque`) VALUES(490, '6', '19:40', '19:30', 1);
INSERT INTO `bloque_horario` (`id_bloque`, `dia_semana`, `hora_fin`, `hora_inicio`, `id_estado_bloque`) VALUES(491, '0', '19:50', '19:40', 1);
INSERT INTO `bloque_horario` (`id_bloque`, `dia_semana`, `hora_fin`, `hora_inicio`, `id_estado_bloque`) VALUES(492, '1', '19:50', '19:40', 1);
INSERT INTO `bloque_horario` (`id_bloque`, `dia_semana`, `hora_fin`, `hora_inicio`, `id_estado_bloque`) VALUES(493, '2', '19:50', '19:40', 1);
INSERT INTO `bloque_horario` (`id_bloque`, `dia_semana`, `hora_fin`, `hora_inicio`, `id_estado_bloque`) VALUES(494, '3', '19:50', '19:40', 1);
INSERT INTO `bloque_horario` (`id_bloque`, `dia_semana`, `hora_fin`, `hora_inicio`, `id_estado_bloque`) VALUES(495, '4', '19:50', '19:40', 1);
INSERT INTO `bloque_horario` (`id_bloque`, `dia_semana`, `hora_fin`, `hora_inicio`, `id_estado_bloque`) VALUES(496, '5', '19:50', '19:40', 1);
INSERT INTO `bloque_horario` (`id_bloque`, `dia_semana`, `hora_fin`, `hora_inicio`, `id_estado_bloque`) VALUES(497, '6', '19:50', '19:40', 1);
INSERT INTO `bloque_horario` (`id_bloque`, `dia_semana`, `hora_fin`, `hora_inicio`, `id_estado_bloque`) VALUES(498, '0', '20:00', '19:50', 1);
INSERT INTO `bloque_horario` (`id_bloque`, `dia_semana`, `hora_fin`, `hora_inicio`, `id_estado_bloque`) VALUES(499, '1', '20:00', '19:50', 1);
INSERT INTO `bloque_horario` (`id_bloque`, `dia_semana`, `hora_fin`, `hora_inicio`, `id_estado_bloque`) VALUES(500, '2', '20:00', '19:50', 1);
INSERT INTO `bloque_horario` (`id_bloque`, `dia_semana`, `hora_fin`, `hora_inicio`, `id_estado_bloque`) VALUES(501, '3', '20:00', '19:50', 1);
INSERT INTO `bloque_horario` (`id_bloque`, `dia_semana`, `hora_fin`, `hora_inicio`, `id_estado_bloque`) VALUES(502, '4', '20:00', '19:50', 1);
INSERT INTO `bloque_horario` (`id_bloque`, `dia_semana`, `hora_fin`, `hora_inicio`, `id_estado_bloque`) VALUES(503, '5', '20:00', '19:50', 1);
INSERT INTO `bloque_horario` (`id_bloque`, `dia_semana`, `hora_fin`, `hora_inicio`, `id_estado_bloque`) VALUES(504, '6', '20:00', '19:50', 1);
